player_id,full_name,country,gender,ip_address,game_name
1bb71a7e-64a1-4ee0-8dfd-c16e3bcdf7f9,Grove Di Biagi,United States,Male,155.92.35.135,Quo Lux
e2389152-95d5-4bb5-9d92-52c231486c81,Rosemonde Bowdon,United States,Female,44.170.128.182,Tres-Zap
70e5fcbf-a694-44d8-95c2-7c635929e26a,Horton Sweetlove,United States,Male,58.74.147.167,Tampflex
b0b62310-70f7-49c3-8f6a-5215363b8633,Olivier Emanueli,United States,Male,174.53.130.39,Rank
dfd667dc-3c1d-4261-b334-98aabbe506a1,Fabien Kite,Malaysia,Male,185.93.113.124,Greenlam
b7c07ea9-fb5b-4f76-8098-1109fac1b22a,Lion Frankham,Maldives,Male,191.37.40.185,Tin
3b441ed5-39f9-4872-b59c-8205c63a4f99,Tadeas Ianitti,United States,Male,79.147.142.116,Aerified
04d4dd6a-d2c8-454b-8b54-134c8e46b075,Napoleon Pegrum,Malaysia,Male,142.37.96.211,Tin
3a6e815c-8313-40bd-9653-31dc9eda226b,Norris Fanti,United States,Male,179.243.200.23,Cardguard
3c1254da-ee72-492b-852a-70267efaf2f9,Dougie Moncey,United States,Male,232.145.64.45,Bigtax
1d59c060-8ba1-4572-afee-19f17557ae49,Philip Castella,United States,Male,46.220.114.98,Pannier
d54070ae-1734-4046-b27a-b764821ca85e,Lucho Grissett,United States,Male,47.79.223.163,Ventosanzap
a2642294-2990-41a9-a0b7-e43731a6ad99,Skip MacAlroy,United States,Male,243.252.3.98,Zathin
a667536c-f16b-4f60-b60a-3071cbd6d79d,Rhetta Evans,United States,Female,35.201.93.170,Y-Solowarm
45368b0a-faf4-49d7-b568-2cf43a8b1729,Lexi Adamczewski,United States,Female,254.196.156.122,Temp
eac28119-9ef1-48a3-8e74-8dd4ca4a98f6,Noll Fairbeard,Malaysia,Male,104.65.77.153,Sub-Ex
2dd2cf47-4666-4438-a10f-9063fdb35e8a,Minny Hamilton,Maldives,Female,101.121.86.49,Sonsing
ec47050b-6ef8-4a77-afde-c9ea04df9b62,Janeva Simounet,Malaysia,Female,168.122.55.28,Prodder
61c973a8-c1b9-4cb1-8bbd-2185450ffa29,Raff Pickle,United States,Male,131.184.233.112,Biodex
d13cfb70-0f2f-431a-89dc-70670b0d7920,Sallyanne Rennix,Malaysia,Female,246.227.230.20,Temp
38fe7374-e09d-492d-bea5-65adf0e1480b,Franky Hicklingbottom,Malaysia,Female,65.83.124.150,Sonair
b049b733-f4c6-4613-b0d1-1b1de654a463,Orelia Klimke,United Kingdom,Female,30.50.113.42,Aerified
27bb2b75-b566-4f46-8bc0-433b451df8f5,Samaria Spiers,United States,Female,206.32.165.62,Wrapsafe
b93e592c-0db8-4a87-858a-b712c1b45bd1,Ailbert Luna,United Kingdom,Male,176.91.12.218,Tampflex
8f25f127-8c96-4510-aeea-e9ebf242a9fc,Dinah Sissland,United States,Female,187.239.185.45,Biodex
8156fadf-49af-4443-a437-f8661509c5e3,Gallagher Coney,United States,Male,44.91.201.189,Otcom
26485fcf-e9ec-43cc-aed0-b008311950a5,Tedra Shoreman,United States,Female,169.66.54.148,Mat Lam Tam
a0f56ed1-f7d1-49ee-82d0-024132affd69,Hillary Wevell,United States,Male,165.241.177.192,Ventosanzap
8f2ccab1-878a-4bfb-a9fc-1c2664162bf3,Egon Coughan,United States,Male,80.153.60.129,Tampflex
848de6bb-b467-445d-a067-6948b84ca466,Solomon Le Barr,United States,Male,43.109.206.136,Konklux
368d384d-de8b-4c96-b09f-705a35499f7e,Mill Whellans,United States,Male,192.207.189.12,Cardify
100cc611-99e7-4c8c-8081-032b1a56cabf,Sibylle Elvidge,United States,Female,196.44.51.81,Voltsillam
f3cf93e6-5aab-42c0-92f4-f80d9fd03323,Wainwright Dudney,United States,Male,117.192.247.19,Bamity
397808a4-446a-478e-bafd-aaf99e25cb70,Jojo Duchesne,Malaysia,Female,150.176.151.83,Aerified
2ea385cd-efc8-4385-b744-7f93b9d45e5f,Gilli Pigot,United States,Female,143.140.175.25,Subin
015addd5-9fb8-448d-a51d-fb69f3bb86e4,Norene Blankley,United States,Female,199.242.58.147,Rank
6ce7cb7e-2c69-4535-ba37-6132902c8a64,Petr O'Heyne,United Kingdom,Male,184.166.140.91,Bigtax
ad36fe28-dcbc-4766-9b4b-76cf2752aea8,Delora Gremain,United States,Female,178.143.213.92,Otcom
4963e74c-dc25-4877-bf76-457540954469,Hayward Pilger,United States,Male,196.222.176.38,Lotstring
67926628-6dd2-4822-b511-0ca6a32a58e5,Wye Heyns,United States,Male,106.195.113.225,Regrant
e55f9520-6728-4f46-ae3c-a6816b56a910,Gayle Cutmore,United States,Male,207.89.1.110,Redhold
3f7140d6-e280-40e6-b072-4ffd5921dba0,Dyanne Eldridge,United States,Female,45.217.55.72,Wrapsafe
857e080c-0759-47cd-b4ee-d300de099c20,Lizbeth Brahm,United States,Female,118.130.77.16,Stim
c9976c5a-be6f-4216-85d3-06015a9a9c80,Adele Netting,United States,Female,118.25.102.193,Trippledex
49604edc-c652-4dd2-b0df-6521e04cb8a6,Link Chadwyck,Malaysia,Male,117.190.231.12,Namfix
6d3e4338-d150-48d5-9f73-cf5ff1d13542,Danya Pennetti,United States,Female,60.168.43.208,Tempsoft
15a1c8bf-c9ad-4df3-bf97-58978c835ddf,Steven Floris,United Kingdom,Male,27.240.239.99,Cookley
de7eaca8-c706-4036-bcb5-ad275b154197,Matty Semens,United States,Male,28.29.91.10,Rank
cc258fc0-5d78-4e16-8174-fb2bd5f70d83,Far Sergison,United States,Male,49.86.175.52,Zoolab
faf5caee-755b-4ed8-b1c2-1ef4588a8382,Benjamen Pates,United States,Male,153.33.38.128,Zathin
a9d8a523-640c-4c99-b3e3-8fc276ee021c,Aimil Footer,United States,Female,252.140.16.59,Span
809c78bc-0b4b-4fdf-be05-6bf4dd3808c9,Hersh Ionesco,United States,Male,114.253.123.25,Gembucket
3c97b047-cb33-4c25-9d00-e4f8d0c2c757,Yolande Robinet,Malaysia,Female,147.170.82.191,Temp
4fd80b8e-d774-4f55-b78a-ec1a9ff93983,Georgy Pavek,United States,Male,81.4.177.80,Keylex
bd0ff985-4f73-4f7b-8cf4-caca4db436a2,Addison Fenlon,Malaysia,Male,4.56.31.176,Konklab
e47ce3f8-be89-4797-b56d-cd6d4295e4f1,Millie Piotrkowski,United States,Female,235.237.232.98,Flowdesk
0c0454ef-0d1d-4df4-a76e-a4848be6d3cf,Brit Tampling,United States,Female,90.41.78.3,Zamit
90f9d0ae-2465-420a-b0e1-bc5468d59bab,Jacquelynn Yesichev,United States,Female,242.92.61.80,Namfix
c025710a-6e6a-4a92-818d-fe52c4520a61,Heida Munks,United States,Female,165.245.92.142,Sonair
888e0a50-c2a7-4548-9d51-34854b659b39,Evelin Riteley,United States,Male,144.32.48.54,Prodder
29d6066d-61d3-4820-9d98-3c5f77bd0b8f,Evelin Nealey,Malaysia,Male,92.72.121.180,Subin
5bd73868-3f95-4036-97eb-0aaf5ff91c09,Caryl Dangerfield,United States,Male,203.162.31.111,Andalax
2686a635-6383-4876-8215-f49e3f96e76f,Morris McComiskey,United States,Male,135.176.99.184,Veribet
e68d85af-b7bd-47ae-8b9d-3cb1f008dc5d,Ivor Stradling,United States,Male,43.39.198.233,Bitchip
8a503e6d-bc46-41c6-9738-50b1d778f883,Aili Goneau,United States,Female,166.23.161.22,Span
cc26a815-4d73-4fce-b271-f912f789c798,Nikolaos Bamber,United States,Male,233.226.64.236,Tin
c005465e-3bd9-48e3-90c1-293d6a0de2fa,Homerus Fayerman,United States,Male,3.232.98.56,Cardify
1d18daf0-32d2-42ad-8690-f687785cd053,Brigitta Stansby,United States,Female,157.117.96.196,Viva
5e7a19fe-162b-432d-a966-52124010ab4b,Tobey Magnay,United Kingdom,Female,116.71.186.31,Stim
85757b75-7add-43bb-af2f-ed3096664144,Alexei Comben,United States,Male,240.1.166.174,Otcom
843ff305-67b4-4794-9e62-1710972d4182,Norrie Brychan,Malaysia,Female,100.228.53.11,Bitchip
bd7f4f36-4f5b-46d8-9e46-dd24e6a5e6ae,Betsey Inglesfield,United States,Female,99.147.213.49,Voltsillam
ad0a95e0-79a6-4d4e-89a0-0bf9e7ca933d,Roanne De Cruz,Malaysia,Female,127.179.252.243,Zamit
c20fbc96-6324-453c-9491-06e4b958b272,Wallace Grzeszczak,United States,Male,41.22.238.200,Namfix
d8aaeef4-036e-4c84-9661-a0f67a9ccf1f,Rubin Burlingame,United States,Male,14.30.61.202,Domainer
e1295ab9-cf47-4ef5-9f65-e2ae3225cad0,Charlie Betancourt,Malaysia,Male,237.159.143.7,Regrant
9f3de519-093b-4033-8f65-eecf460f7ca8,Hadlee Glanvill,Malaysia,Male,150.175.38.63,Flexidy
a3e9638b-3075-410b-a44e-35f6fca6fd3f,Aylmar Schouthede,United Kingdom,Male,240.203.241.189,Matsoft
96d4c973-f49f-40a7-8e38-6841e74c6649,Courtnay Vockins,Malaysia,Female,22.125.23.121,Zoolab
28e55044-d5fd-41d7-adc5-ec3cbd87769b,Teodor Attlee,United States,Male,215.56.154.82,Aerified
0bbe4df6-2273-46ec-8667-860d33fddd3f,Euell Camin,Malaysia,Male,12.118.89.149,Treeflex
739c66df-735d-49c2-86a1-a135f3bd539f,Julius Presman,United States,Male,28.148.122.25,Vagram
010afaf7-80e9-4f92-8401-e8848670efda,Woodie Culross,Malaysia,Male,211.123.54.16,Fix San
8bc236fc-dbdf-4ab2-8f7c-d38854de9711,Cathlene Brusby,United States,Female,251.163.19.24,Biodex
e55c6b78-9ba2-448f-a080-78c59b1e2bfe,Putnam Colaco,Malaysia,Male,243.146.126.85,Sub-Ex
3b1b8fab-6865-4414-a877-84cc449e7131,Kev Mourbey,United States,Male,214.114.119.93,Solarbreeze
c1bf93ee-f9a6-426e-871c-f821266bbc7b,Greggory Northey,Malaysia,Male,163.154.75.14,It
a425a2fa-305a-4a80-8c98-1abb630e5daf,Rawley Withringten,United States,Male,17.196.141.10,Gembucket
8a9021b0-0364-407b-90c5-f790d6dd3258,Farrel Wadwell,United States,Male,41.180.161.196,Tampflex
0035ba1a-b7ea-4013-99a9-558574f3e547,Zaneta Cahn,United Kingdom,Female,15.155.183.215,Biodex
be8a5ee9-e8b0-4535-b267-ca9b5853c68a,Chiquita Tadd,United States,Female,235.46.52.61,Voltsillam
f0d1f4f3-f501-4919-abd6-a04bc26110f4,Kathrine Hassen,United States,Female,21.97.29.130,Alpha
d3d5d613-57fb-428e-9ede-ba585cf5f23c,Kenton Iacoboni,United States,Male,159.46.51.79,Tin
f49f339a-ea0a-4965-ac18-6399bd1f503e,Fidela Hudson,United States,Female,101.131.215.46,Ventosanzap
c8572f81-a47b-4573-a37c-d1aa60c0c603,Tomas Rampton,United States,Male,69.175.203.196,Wrapsafe
63a60689-1a4a-41d8-8ef6-7e2a5688da7e,Avram Arden,United States,Male,198.180.89.194,Sub-Ex
fc3fd940-3a46-4cd5-a482-f4db385fd1ab,Dacy Copley,United States,Female,169.236.132.146,Vagram
5d146ccc-1a53-4884-8ca8-2d36f2a42c21,Janel Jelliman,United States,Female,1.152.105.15,Subin
a9702e9d-eb8e-4f78-87cb-2f5ee12d02f3,Orlan Waring,United States,Male,10.218.169.74,Bytecard
d98da44e-ceb5-4f9a-831d-f921160bb29f,Tonye Apfler,United States,Female,168.207.34.220,Temp
56a5edf2-2337-4a5c-a9a6-ca45f99b1f9d,Paulina Ivanusyev,United States,Female,18.155.111.251,Home Ing
a95b2a1c-9fb3-4d81-b4f5-37507188a009,Al Khomin,Malaysia,Male,166.5.254.7,Bitchip
bafed9ed-ca9e-4c97-b333-8449e149e952,Umberto Ayling,Malaysia,Male,124.92.190.195,Pannier
b6b14a98-bd19-41d2-9398-1c57fd2d981a,Harriett Scudamore,United States,Female,180.235.102.115,Sonair
30d4c131-9713-477a-a24e-dd69e65dfd31,Griz Emsden,United States,Male,168.137.128.8,Fintone
066a0061-e656-431e-b395-55cbfd33b355,Gabrila O'Carran,Malaysia,Female,219.217.215.66,Duobam
ec94ae33-dadd-45c2-a804-e690d6a8bbe0,Wileen Eyden,United States,Female,245.9.220.125,Flexidy
0859f07c-57a3-480c-9d71-361da3aedb32,Morly Denham,United States,Male,49.255.134.246,Alphazap
c4acf4f3-7bf7-433a-a84c-708ad27290b0,Erl Pepall,Malaysia,Male,112.17.86.76,Span
e4ea5694-8373-494a-9238-3e138fbd106c,Dom Assiter,United States,Male,249.54.129.37,Home Ing
c972e916-0717-4fd6-bee5-05324b5195b7,Kippie Finch,United States,Female,235.3.130.228,Subin
16cf1dfb-0cff-473c-b90a-9531f109ff27,Jobye Jozsika,United States,Female,133.229.117.214,Fixflex
429d1cda-d113-4fe5-bd55-5ef92655554d,Brand Dorset,United Kingdom,Male,139.17.191.32,Transcof
3fd432ae-0424-49ef-8898-7f809891fdf8,Petronilla Skelhorn,United States,Female,111.0.130.216,Y-Solowarm
78b81e2a-0518-42c0-b4a1-286bbaf2dd35,Nikki Mapowder,United States,Male,109.115.22.98,Tresom
8f20f49f-2e89-4df5-ac89-28da4f96caab,Magnum Muglestone,United Kingdom,Male,120.149.4.163,Daltfresh
5a0ac14e-cf0e-428c-94da-d51889d860d7,Gabie Gierok,United States,Female,202.129.156.126,Aerified
3a7b41a8-a1e0-4e17-a5b8-13f4ba376be9,Cecilla Mockford,United States,Female,27.150.41.236,Ventosanzap
4b320510-001b-4248-857f-5d830b85e6a2,Granthem Petracchi,Malaysia,Male,139.77.68.123,Sonsing
414f4576-f6ba-4772-995f-dc77c3262e6b,Findlay Glinde,United Kingdom,Male,37.159.59.44,Toughjoyfax
372551a2-9198-49b1-8e80-c0a49c674e28,Neils Cogzell,United States,Male,149.130.10.44,Duobam
56f577a5-fdca-475b-bd57-584eb26160f3,Aimil Dodding,United States,Female,198.4.27.246,Cookley
7fafe69a-a6bf-4676-af20-e550382c3e6a,Lief Call,United States,Male,243.100.82.101,Holdlamis
8066e21f-0d88-4385-9884-6b38b220ba49,Taite Guppey,United States,Male,217.246.179.81,Flowdesk
c5515ab7-cd08-4e1b-95bb-4784e4f9b6c8,Gerda Sidebottom,United States,Female,61.57.254.6,Pannier
bb6a3444-f284-4fb1-bdc6-b22a1471425a,Derril Scothorne,United States,Male,8.209.7.182,Redhold
d6960ef1-05c5-4f7e-872a-1859059a4583,Myrvyn Currie,United States,Male,23.56.121.100,Alphazap
913bfa08-40ca-4b65-b115-1e81b6335633,Tonie Blethin,Malaysia,Female,199.24.120.88,Cookley
1be6e2a2-005a-4807-8f5d-3db14966cdec,Early Beddis,Malaysia,Male,41.176.165.55,Latlux
347a0260-41b7-402c-b35d-2c447e950d95,Odette Almak,United States,Female,190.9.44.67,Greenlam
88dea62f-4792-409d-be7e-6150dba0bcf3,Carin Notley,Malaysia,Female,216.111.235.67,Sonair
356696cf-c15e-4b01-95e0-c889d37e8191,Hart Barrand,United States,Male,223.181.127.178,Tempsoft
fcc03fa8-1044-4549-90e9-c55c810bbf92,Norman Sealove,United States,Male,209.56.118.183,Treeflex
190df002-3809-405f-8ad3-6e477d59c483,Deloria Gurdon,United States,Female,26.182.60.132,Alphazap
5432a5b6-e4d3-4f11-a734-e7fe72174186,Win Moat,United States,Male,144.73.193.171,Prodder
cb6b71ef-fe96-42d4-8212-6dc7eff9961f,Lars Volkes,United States,Male,187.71.31.203,Asoka
77fe3883-dac6-42b6-9d01-d50870672b59,Rogerio Ashelford,United States,Male,183.202.234.220,Tempsoft
acb34d48-1e80-43b4-a10c-27bf67563082,Welbie Durrant,United States,Male,21.224.238.13,Cardify
b90770c9-702c-4c3f-901f-35ee925de75a,Eliot Doddemeade,Malaysia,Male,105.128.239.192,Latlux
199578e0-e8a3-495c-8741-334cb6546dff,Townie Peres,United States,Male,238.252.49.224,Zathin
e21991bb-2329-4c82-a643-738a7f5497b4,Will Bernardoux,United States,Male,4.50.109.226,Stronghold
825b8f5c-6602-4650-b9b9-5fc2c385925b,Archambault Tween,Malaysia,Male,171.41.133.30,Bigtax
93133622-f7f8-446a-bdf0-e61eb9fecb67,Giorgi Keenlayside,United States,Male,46.239.178.110,Keylex
3965a079-0ca3-4f95-ab11-cb6a628ca32d,Lyle Simper,United States,Male,232.160.207.229,Tresom
a114b84e-a970-4246-a568-37581cce58e1,Patrizius Grandisson,Hong Kong,Male,5.15.135.16,Cardify
80d35f3f-d216-4e38-83de-597076badc6d,Chere Tadd,Malaysia,Female,231.76.178.70,Trippledex
365eb6a5-e936-4791-be29-b4e56a053c44,Darwin Titman,United States,Male,206.100.123.70,Voltsillam
9956ce49-a751-4841-b989-595215a1e0a8,Reamonn Tams,United States,Male,115.235.9.22,Mat Lam Tam
a4de62c3-87a5-4521-a053-c0d70df069e5,Glenna Lyman,United States,Female,78.61.23.162,Aerified
c620f0b6-9e88-4855-a482-bd02544971a1,Bord Jewel,Malaysia,Male,154.248.198.107,Prodder
42b67171-50b9-4f1d-8092-b152881301a9,Byrom Jaze,United Kingdom,Male,196.117.110.187,Zathin
7e7aae72-2ab2-4364-bb3a-1a57e6e445d6,Drucy Bolles,United States,Female,151.93.141.77,Konklux
a3d71845-3f91-47e7-ba36-de1e95cab4d3,Walker Luparto,United States,Male,12.86.192.248,Kanlam
92acdaee-d95d-4b0b-95b5-c9c29798ac95,Alvina Holdworth,United States,Female,152.186.43.152,Rank
4981fe12-755b-4fa3-8aca-b42d9154a9c7,Madison Devonport,United States,Male,57.207.177.1,Latlux
686a9928-820f-4ef1-bcc8-2c273bff8145,Frederigo Frankton,United States,Male,177.66.92.164,Asoka
17c42ed1-60b8-4618-a65e-5f0a2c00be01,Paulie Gordge,United States,Male,234.153.250.55,Fixflex
ea0e9601-1d53-4058-a056-20b2f0645a2b,Junina Goby,United States,Female,235.62.150.171,Holdlamis
1cab72ea-16db-4229-bc0d-5a41fde26f6e,Nehemiah Pablos,United Kingdom,Male,215.210.66.235,Zamit
04a9e740-5cb1-4a8f-b0e5-15f6b8e339ce,Adlai Cortez,United States,Male,146.175.248.178,Flowdesk
a80dae16-28e2-4f56-a7af-83ef1bbf8c8f,Erena Camilletti,United States,Female,121.229.234.121,Mat Lam Tam
97b4dc79-bfac-4d75-905c-8bbaf01ca510,Anya Leopold,United Kingdom,Female,80.108.161.69,Hatity
492fdcf7-a1f2-4506-9708-f09e1b915dec,Witty Parham,United States,Male,19.114.5.27,Alphazap
9e7a9a01-cf21-4682-b0e2-42bbbcc041ec,Dick Liversidge,United States,Male,41.168.122.138,Sonsing
1723dfcb-26fa-4225-be50-0f2bd6713f7b,Dani Hargerie,Malaysia,Male,220.107.252.194,Bigtax
0d163fef-6392-4eab-a663-ee1deafaf589,Franchot Rickaert,United States,Male,11.114.90.53,Fixflex
e028e361-f057-441b-8795-4f2adc208145,Joice Eadington,Malaysia,Female,31.125.38.195,Regrant
09392a4e-1d49-4a27-bd64-52a58517aef6,Gerhard Tomovic,United States,Male,113.114.15.231,Stronghold
33a34dfc-54fc-463d-be2e-f3eecb483491,Baily MacMaykin,United States,Male,83.168.56.59,Duobam
0a1ad6df-f0d6-4410-bf2b-2067d6182598,Davey Swyer,United States,Male,16.14.90.93,Wrapsafe
9da226aa-1168-44c6-aa47-96dee1983855,Alikee Messingham,United States,Female,137.68.197.191,Bytecard
1d72df49-1b99-4929-89d7-08beeddce9c7,Rosalyn Cartner,United States,Female,154.208.97.138,Viva
d20eefbb-342c-4696-ab3b-0e3dbbac12e2,Amandy Tidridge,United States,Female,125.156.32.191,Pannier
42f73e11-f13b-4b9b-ab54-119edd1622cc,Shurwood MacCombe,United States,Male,151.112.109.135,Cardguard
cd590d25-20da-4531-94fa-e8816887a85d,Torrance Austick,United States,Male,105.93.107.149,Keylex
409ec3cc-1acc-476e-ba2e-5681f1885d14,Lanni Laxen,United States,Female,54.171.150.85,Sub-Ex
116160d3-5e4f-48d7-b1be-9bb39c253bbd,Elga Gailor,United States,Female,224.248.192.137,Y-find
8b47d7bf-16db-44db-b5e9-4dabd708398a,Tam Eriksson,United States,Male,139.204.116.117,Y-Solowarm
f38076d5-b6c2-4c9d-ad28-68aef912a1af,Yard De Lacey,United States,Male,154.237.193.0,Biodex
5ccf0f1d-864e-4897-8306-aa74fe988f71,Rowney Ballham,Malaysia,Male,217.155.115.175,Sonsing
56aa08bb-0a1e-4c48-be18-0bdf3b6ec9f6,Marnia Wickey,United States,Female,120.16.200.28,Aerified
ed22c2ab-fe43-4586-a3b8-18839c03c327,Meriel Negri,United States,Female,199.171.106.220,Otcom
aab67823-f48b-4d89-909d-232600c57cb1,Sascha McCole,Malaysia,Female,39.98.240.165,Bitchip
c409964b-e264-499a-acf0-6f7086acd1d1,Alaster Stickney,United States,Male,192.187.65.61,Domainer
730117f4-7798-406d-83d1-a5607072729c,Haslett Marty,Malaysia,Male,157.177.25.38,Sonair
5d868545-f06b-462c-a2fd-fa941c01be09,Thatch Hubbucks,United States,Male,41.25.71.87,Bitwolf
ffdfdca1-bc2d-4822-932c-73ea2d3d006c,Aluin Western,United States,Male,41.30.88.217,Asoka
b7be0ae8-87e9-4223-b8c7-0d0d55dfd19a,Edsel Mattschas,United States,Male,228.136.66.243,Veribet
99d35d35-76fb-4728-bc3a-0095eb4c7ab8,Haily Lathom,United States,Male,70.103.93.130,Latlux
69d5439e-ef4a-41b4-8d0a-0fe71b04389b,Carmel Roelofsen,United States,Female,103.235.82.200,Vagram
edb62766-6615-4cf4-bcfc-353bc8980ac5,Reginauld Curedale,United States,Male,223.63.171.246,Tin
f6eb2b3b-304b-40bd-9f34-52e95ae95500,Matthiew Bundy,United States,Male,237.81.101.72,Bigtax
03d7e7da-5f4d-4096-8b48-1b0354d7aed5,Pierson Ranald,United States,Male,120.89.28.98,Cardify
eefe1860-6247-4b92-bd13-136e54df235f,Leodora Longhorn,United States,Female,8.147.251.208,Quo Lux
daf154f4-67b6-424b-ae3b-86ba21a1bb0b,Ladonna Ibbotson,United States,Female,37.162.131.236,Transcof
3aed9006-8ca0-47fb-bcfc-53c937bfbd9a,Thaxter Braune,United States,Male,216.203.56.81,Sonsing
579a6776-dbd6-4a7e-a8d3-00cc1efe28a5,Debee Joul,Malaysia,Female,133.158.54.81,Vagram
1fc42628-c4d7-403d-a7e0-cb8a282e8160,Evita Stilling,United States,Female,216.148.101.82,Bamity
44f5d0fa-dbde-4179-96a2-03994e1af398,Delia Housaman,United States,Female,20.102.218.186,Tin
4350cb47-80bb-42f2-aeb4-46c75562d268,Helenelizabeth Eskell,Malaysia,Female,32.105.58.30,Cardguard
1a82929a-d27a-4346-b550-70fe3fc9c665,Dionysus Thorius,United States,Male,234.210.195.173,Tempsoft
0a396054-d786-4b07-ac9f-5d72be8fe371,Ferd Dabbes,United States,Male,6.35.92.79,Gembucket
3e91cb02-ff09-444f-afe4-aba90148009a,Alan Fosdike,United States,Male,122.221.249.190,Zontrax
7c59331b-dc23-48ba-905c-ca5a57d20601,Hamilton Mc Cahey,Malaysia,Male,250.128.43.99,Lotlux
a2abb2e5-a9d8-4f65-9aed-22e5b62ded98,Hobard Littell,Malaysia,Male,62.14.22.128,Keylex
859f3f77-eedd-41f7-b346-3480405f8b9d,Rog Beeching,United States,Male,7.98.187.144,Matsoft
d5698f51-e3b1-4831-9a90-f21a66097ef5,Cammy Burnep,United States,Male,173.70.80.111,Konklux
9aa7fff9-9aeb-495f-b1fe-aa27370ff6fd,Reese Moggan,United States,Male,158.127.6.113,Tresom
a5175fd6-0ba1-4c21-802e-ea298dc5d052,Lilas Quarterman,United States,Female,27.125.44.123,Tampflex
30ba4b72-2c3c-44f6-bb7d-b5e03a9d8ef1,Glenn Ostick,United Kingdom,Male,2.19.13.42,Alphazap
8627da28-26d6-4b1a-b760-9a1394205646,Kalinda Tramel,United States,Female,80.39.223.114,Bamity
77e09da3-231d-4e6f-bf85-b6d0e317fb58,Ambrose Eickhoff,United States,Male,169.213.188.57,Asoka
f97116f9-3932-42ee-a251-5916342b674c,Carin Buckeridge,United States,Female,142.245.179.69,Fix San
5e9196cb-1a5c-4475-a81e-a47c086d93a6,Larine Tute,United States,Female,157.27.63.50,Zontrax
510d1a38-854b-4360-91b7-60cd260ccd5e,Khalil Sorsbie,United States,Male,61.45.80.17,Job
ff8e854c-4dc6-4f27-81a5-5ac64885872e,Kerk Boshell,United States,Male,106.109.15.229,Domainer
4eb8e1a7-2f9a-4a39-9d55-426c119b7552,Keir Blennerhassett,United States,Male,31.113.92.6,Subin
8410c4ef-a0ed-4df4-bb74-75af77986b18,Ruthann Memmory,United States,Female,48.31.31.141,Treeflex
76aa7279-1508-4867-b6d5-f67e360904ac,Laurie Willoway,United States,Male,99.58.175.192,Ventosanzap
10da45b0-9780-4b0a-9e34-e7b04ab03d22,Hakim Stihl,United States,Male,226.160.253.241,Holdlamis
b28d94a2-495d-4ec6-bd17-e9597249dc41,Torrence Klousner,United States,Male,196.192.42.87,Aerified
18d905f2-0d5e-4498-905e-a9718a1103f9,Sharlene Tilte,United States,Female,32.53.73.115,Fix San
5a23a882-4410-4db9-a2ec-d9f20018d922,Marlin Ankers,United Kingdom,Male,11.235.207.60,Sonair
d9e5633a-31c3-4e76-8571-4780afabea00,Tawnya Howsan,United States,Female,65.46.22.139,Rank
abee573c-7d4a-4bf2-8843-047fcf42f28a,Beck Chappelle,United States,Male,134.64.233.234,Bigtax
5e64ee29-1d58-4cac-917f-52b8de60c341,Richmound Guiel,Malaysia,Male,135.67.163.213,Zaam-Dox
b1c953ee-f6f0-4517-89f9-bf4de6c70e4c,Dian Sweetland,Malaysia,Female,160.240.251.136,Cardguard
374c8c6b-4ce1-403b-aa49-2ea58dcf14d6,Petronilla Carass,Malaysia,Female,228.9.81.168,Vagram
fb836863-02a6-4cdc-a93b-5f8a5b6bf95d,Laura Marchenko,United States,Female,233.178.106.166,Vagram
5ee4bac7-ae72-4fc3-b958-a742922a7d74,Melany Knowlman,United States,Female,231.88.7.3,Sub-Ex
0a844fdf-1530-4f3e-8c35-f5d78f22444c,Brigida Houlison,United States,Female,234.109.7.208,Home Ing
1803a668-947b-43c6-be3f-aa4868e70c71,Daria Rabley,United States,Female,139.118.129.51,Toughjoyfax
9b84f3b8-af5d-4088-8e9d-f5104da0b73b,Caddric De'Vere - Hunt,United States,Male,158.177.141.54,Kanlam
aa383596-7d21-428a-aab7-48da0bdbb442,Lari Mongan,United States,Female,203.58.184.200,Andalax
73d8887a-7045-417a-84e8-61181d010f47,Georg Groger,United States,Male,25.172.242.27,Lotstring
0be881cc-b04b-4bb0-8609-9acbcf327423,Efren Ownsworth,United States,Male,238.213.178.29,Bitchip
b7057727-013c-4ccc-81a6-2b070ef3ce1f,Rock Heckle,United States,Male,52.251.213.229,Treeflex
febd71d3-a9d6-4b77-bab3-4be4468f0635,Amil Gilloran,United States,Female,233.243.130.214,Daltfresh
e224fd4a-acbc-4295-b71b-ed815289268a,Guido Roberds,United States,Male,166.241.150.27,Cardify
cab6e9e7-a82f-407e-a7a0-5b1f9623790a,Hillary Seedull,United States,Male,118.131.208.135,Tres-Zap
a9e19406-ea0a-4cb4-a408-3e082e435fb6,Minnie Aberdeen,United States,Female,206.164.135.2,Stronghold
0610bd15-665a-4a5e-8a1f-5554dd358056,Jordon Fratczak,United States,Male,101.93.244.14,Cardguard
ddd11bb6-45a2-4e42-bf61-7ba30a9b655b,Gilemette Adamo,United States,Female,60.65.192.144,Namfix
1b824945-9f5f-4716-a17f-61ea63fdccfe,Garrot Hambling,United States,Male,33.41.200.106,Temp
0d2326cc-eb1f-4186-acdd-501fdc0e3d03,Wilow Fraczak,Malaysia,Female,222.15.150.96,Alpha
1618ba0e-86e2-418f-854a-d91775d54daa,Clint Lynnett,United States,Male,209.220.120.222,Voltsillam
deed48dc-b38a-4b67-8fdd-1d4b2a22e110,Care Curtis,United States,Male,238.11.86.149,Gembucket
9f85c166-fbb9-4b30-9893-d0ba7c450c97,Lamont Francioli,United States,Male,252.44.76.172,It
9f668844-8f22-494e-b43c-1bf3de9a32ce,Hirsch Walcot,Malaysia,Male,183.49.46.8,Mat Lam Tam
06bb84d8-4c3c-454a-8e6c-e59719b1de96,Wendeline Hartup,Malaysia,Female,89.170.66.55,Y-find
2da156a7-a64a-4258-b416-2e65dd9df6bb,Tresa O'Ferris,Hong Kong,Female,216.191.222.237,Tampflex
76b64401-4d7f-4a4d-bf09-c460f9f038c5,Odella Hayzer,United States,Female,85.240.217.255,Tres-Zap
8d91b926-bd28-420d-bd8d-b2246e05a0ba,Bo Abrahamowitcz,United States,Male,54.200.132.79,Stim
74826df2-c0e6-4bdc-bdfa-faa594926d6d,Delila Godbehere,United States,Female,226.64.156.206,Toughjoyfax
9f99ffed-90db-4ff2-8e10-9853612410c6,Jeffie Gosnoll,United Kingdom,Male,146.137.236.102,It
58567244-8763-44f0-a84b-3d53e81bd585,May Heugh,United States,Female,198.62.77.150,Otcom
8f603361-95c4-4a1c-9b23-19a9c87927eb,Arch Gibb,United States,Male,249.249.169.202,Bitwolf
4d08ca18-13d6-4af3-80f7-8626139a7205,Paige Blitzer,United States,Female,38.176.196.255,Holdlamis
9c228f94-0bfb-4028-9591-233d92d88e55,Liesa Closs,United States,Female,28.67.156.7,Otcom
2366ce24-1425-468f-8376-040140e40270,Gerik Huske,United States,Male,113.46.24.236,Gembucket
2663cef9-fb0e-4e30-ab3b-d0c83722fafa,Alano Chiplin,Malaysia,Male,255.168.13.174,Sub-Ex
df5bf78d-8a87-460f-b673-c9c9f151de41,Antonio Ebbetts,United States,Male,173.82.240.14,Fintone
1ec7cae2-74cf-425f-ba6e-61f9bf7d6c64,Magdalen Beernt,United Kingdom,Female,105.60.200.85,Overhold
5a6ec601-6cf7-4ae5-84a4-56af5e7c0d48,Michail Wisby,Malaysia,Male,71.198.135.150,Duobam
fa6a22b3-dace-4cd2-8d98-8473592afe06,Felipa Bradfield,United States,Female,17.50.22.89,Prodder
5c8306e2-f354-4145-9540-9321e2bea18a,Holly Lowres,United States,Male,81.58.114.254,It
58e01029-ca0d-4d9a-bdcf-da82124451b0,Ike Paiton,United States,Male,8.58.23.19,Otcom
71d258da-29a4-480b-8e69-6f5e03aa5905,Steffi Fouracres,United States,Female,10.202.90.153,Sonsing
f2779b5e-16c5-4359-bbb6-fab639545647,Friedrick Stafford,United States,Male,64.89.124.92,Otcom
43329add-4d07-4074-91cc-43762a100cc6,Annabelle Gracey,Malaysia,Female,44.184.53.208,Tempsoft
2ebb1140-998c-443c-b8a8-1333d13a2d4e,Lowrance Legonidec,United States,Male,41.211.43.50,Konklux
482e0e55-f1b6-4295-831d-4c34781e88a0,Eleanore Butt Gow,United States,Female,182.53.6.28,Tin
2932cd23-a4b5-4009-9a0f-c8eb0c922974,Bertina Denholm,United States,Female,48.240.107.205,Bigtax
becf75b8-2f48-45e2-8559-4528faf4fc81,Ase Ravenscraft,United States,Male,151.85.216.37,Rank
6d4d9d5d-cce7-4295-8593-b648ffa7aa3c,Korella Treves,United States,Female,213.68.160.144,Stim
6a76ef91-a5ca-4ca0-b9d2-abcaf7bdaee3,Vivianna Blackleech,Malaysia,Female,154.107.178.232,Wrapsafe
3cf636d7-815c-4928-8da6-d20556ecd6c6,Merry Latham,United States,Male,195.117.245.241,Cookley
a2c40ed6-7fa0-49a3-9b08-9e9cb1151cc2,Jacqueline Cobson,United States,Female,181.217.5.192,Quo Lux
3a9edf7a-3eb0-4ded-a565-12f82875ce4b,Gus Jankiewicz,Malaysia,Male,168.5.173.133,Asoka
ef637a15-ec72-4b2c-81dd-8618d455cc07,Brittaney Caldeiro,Malaysia,Female,219.125.40.173,Bitchip
49ab2196-07f4-40f0-b376-7e031e9bded0,Carola Bartlet,United States,Female,27.39.35.96,Alphazap
e36befe0-413e-4cab-a7f1-5a77fc5d8857,Lucinda Surridge,United States,Female,127.37.212.72,Sonsing
6773be8d-7035-4390-bde8-99811c53ceda,Evered Fisbey,United States,Male,163.253.70.71,Zontrax
17e4e83b-0042-49d0-aaee-d3aec74c0201,Kerrin Haughin,United States,Female,69.35.224.169,Sub-Ex
2324bed3-bae9-4449-b37c-ee3d0daf1bbb,Titus Hellwig,United Kingdom,Male,130.58.40.35,Lotstring
b7181a81-b7fd-4904-9812-c1f0e0035364,Trey Birtwhistle,Malaysia,Male,139.54.215.47,Voyatouch
ddd44ef9-b366-486c-a579-3cb52612f95e,Aura Feckey,United States,Female,2.169.81.142,Alpha
45c65f8c-9afb-4b91-b5fd-f1bd2eebd2c3,Trix Lowing,United States,Female,35.75.50.83,Domainer
0b384f4f-da37-4a8f-958e-fcfb365a87fc,Diego Fadian,Malaysia,Male,84.246.234.139,Bigtax
857f8ce7-d74b-4b5d-bacb-d126c63f4eec,Carline Garken,United States,Female,127.204.191.77,Tres-Zap
3fe4e5db-18a6-4d73-a4ca-f9cb9e7c2cfb,Franny Grief,United States,Female,153.183.6.56,Opela
4e57e390-3452-4805-8f8a-85949469bb64,Cleavland Scotchmur,United States,Male,99.242.253.174,Hatity
fd166476-d45a-4625-ab5a-75b19810f25d,Gilbertina Lacy,United States,Female,166.227.7.249,Span
fe65a27d-20f9-4319-a0b5-737ee67ceab4,Cynthia Thayre,United States,Female,62.46.3.32,Alpha
60a1dbf9-435b-4ae4-a063-1e1840efe8a1,Omero Mundie,United States,Male,162.136.117.200,Duobam
456b2765-377c-4160-9248-17312a19457a,Netty McColm,United States,Female,83.102.244.91,Overhold
4b2be69b-8712-4176-818b-1e25ba504188,Zuzana Malt,United States,Female,99.203.131.125,Fix San
11343524-191f-429a-b708-f39d06bb4b83,Correy Bemand,United States,Male,247.145.187.0,Veribet
9f5967a2-4434-4389-99f2-399232aafa7a,Cletus Obin,Malaysia,Male,104.2.36.231,Konklab
c0abb603-d824-4b3b-9b3e-e8379bd29242,Sampson Davidsson,United States,Male,159.134.6.44,Wrapsafe
8506f19a-0e1a-4e7c-aa2c-9f1c3c4a496e,Wash Alyukin,United States,Male,126.79.138.81,Zathin
7b5d72cb-5c75-4e66-89ef-075e61989e6c,Demetris Leary,United States,Female,6.245.112.49,Opela
f487a2c2-6d2b-4a6b-90b6-7e97eb088e68,Bernard Tangye,United States,Male,87.97.33.152,Cardguard
fb27318a-9338-4de4-9ccc-550e7a5bccf6,Garvin Milius,United States,Male,70.130.6.103,Asoka
ecf8776c-9a94-4970-86c5-11b777c40cfb,Hyacinthie Gigg,United States,Female,100.147.206.162,Rank
020afa8e-7a9c-4d84-a251-be12bcf6db29,Beau Hollier,United States,Male,86.224.148.147,Flowdesk
07fa9b3c-bebb-4c6c-824a-1b73a0820aba,Caesar Kenrack,United States,Male,253.183.218.132,Stim
1c4caac4-ee36-481b-a942-8ba93569791a,Maddie Glassman,Malaysia,Male,92.131.58.67,Voyatouch
b6322540-7d64-41a5-90c3-eb7e0b225a91,Aylmer MacGow,United States,Male,236.31.217.201,Flexidy
5c0457d6-d073-4440-90c8-51152c5cd7c1,Thaddus Pottinger,United States,Male,60.100.78.76,Tres-Zap
52dbe274-42f8-4dbc-bc05-dd193e497407,Carmela Brunsen,United States,Female,173.36.19.206,Bigtax
aad0b1a5-4b56-4dee-9e5d-6699051ad426,Sonnie Byrne,United States,Female,157.145.198.255,Konklab
bcebfab8-2712-4d62-b7a5-4cf69a3c27d8,Bernadette Treker,Malaysia,Female,173.239.127.79,Bytecard
6a695157-5c29-4694-84c6-bbcfcdb08a2e,Ted Bruinemann,United States,Female,221.4.174.252,Bamity
1da4a439-6c92-4b5a-adea-29e7dcd4ee7c,Alan Sollas,United States,Male,144.92.172.251,Tin
7f49e8b8-8d22-4bdb-8b53-a6ea8b6373c0,Lila Curuclis,United States,Female,135.68.86.140,Overhold
683a2edc-7a54-4ab3-9bf6-15d03bb8f6e7,Padgett Hourihane,United States,Male,173.153.220.236,Lotlux
04cad025-b3f7-48b3-ae89-25ef75eeae41,Georges Coonihan,United States,Male,126.35.23.254,Cookley
74d47f0c-d5e3-4f91-af7f-78c93f2f6c7f,Elaina Constantine,Malaysia,Female,248.17.79.36,Aerified
7b0f5135-fedb-46ca-9a6c-e35f919d53b2,Diego Beldum,Malaysia,Male,104.162.229.130,Subin
405c530e-8847-4f4a-95d1-3701cb7591a7,Chauncey Farmiloe,Malaysia,Male,195.126.202.255,Kanlam
7628f71f-d2bb-4428-8550-e88c9eb10ff9,Petronella Stedell,United States,Female,233.124.220.178,Stronghold
0d5068ad-be26-4606-b806-3adbe6fd89a1,Peta Tootell,Malaysia,Female,95.200.119.94,Sub-Ex
c859e1d6-a5a4-47fb-8fe1-14022539654c,Booth Horney,United States,Male,233.73.196.131,Prodder
0603ea19-1a92-492a-9ff1-6d8c1b7ee5a2,Hughie Friman,United States,Male,193.153.246.28,Latlux
22f045c5-f072-4608-bcfa-c3f3424aae5f,Aggie Buffin,United States,Female,141.216.111.12,Bamity
e0ac8b74-79cb-4dd6-90c9-ce3225cd17f7,Arlyne Manketell,United States,Female,43.166.34.202,Cardify
c31580c3-d816-42fe-94c3-0dabffe76e9f,Yoshiko Markushkin,United States,Female,143.184.53.104,Bitchip
9918fe5e-bc64-4f29-abfc-d72bf19fd03a,Inglis Rizzi,Malaysia,Male,185.177.101.89,Konklux
f24ea9d5-1a33-4e64-ad03-400c35ac343a,Dewie Thurby,United States,Male,59.69.162.16,Zaam-Dox
680dd6cc-f73a-47be-a6e8-ae5b0b428f4e,Giulio Wolfers,United States,Male,92.234.43.247,Stronghold
c89570b9-bd11-4bcc-a3bd-4a25b0176511,Rani Tuffs,United States,Female,19.123.2.149,Otcom
46a4bff8-5c8e-4bb8-b5a4-61690f8f1085,Lorilyn Kinder,United States,Female,254.103.245.160,Kanlam
63b75d9e-8f9a-4d6c-b28f-6848e88b31d3,Gamaliel Bowmer,United States,Male,255.235.113.210,Andalax
d946adcb-1c92-4f57-875c-28a8edf45f2f,Vinnie Tregenna,United States,Male,35.232.94.179,Fintone
fafb48ae-c564-4947-add0-4e672ab8ed8a,Ashla Pardi,United States,Female,82.85.106.129,Lotlux
528e7198-94b6-4f68-9c77-d147e0134155,Rois Spellworth,United States,Female,205.87.92.225,Zontrax
f1af06aa-bb9f-4560-860c-99f9a76254bb,Cookie Bourdas,United States,Female,233.85.41.126,Cardguard
c36af03f-c074-4cfe-b5af-aa3d277e619b,Benoit MacKartan,United States,Male,188.200.186.206,Daltfresh
42b2db64-73da-428b-93f4-b42e2253a64a,Matti Meineken,United States,Female,250.247.25.6,Ventosanzap
8ba43dc4-ac19-454b-abad-11ee3c6087d0,Mitchael Mathwen,United States,Male,195.173.131.11,Fix San
c3514c42-68cd-4a28-a09d-b7ddf244bfd0,Rena Scales,United States,Female,80.96.48.250,Tempsoft
d778ec47-861b-448d-8e41-661f26ed2267,York Vannucci,United States,Male,151.55.90.101,Voltsillam
83c30a2b-2ded-4ed7-bf91-c1767e673ad5,Georgi Wardley,Singapore,Male,70.37.110.47,Tin
eaa9227e-c30c-4df8-9c0d-d11233bed295,Adara Beamish,United States,Female,78.241.121.72,Bytecard
db0fea27-1d03-4844-9578-8eee638b6656,Catha Brocklebank,United States,Female,28.121.178.42,Matsoft
22537be0-895d-4e15-b677-deb12b5efec1,Ellis Moughton,United States,Male,178.212.252.69,Trippledex
afc1721a-c5ad-4e71-a4ba-5d3dfc965618,Agosto Goshawke,United States,Male,16.72.116.123,Alphazap
fe7df503-55f8-4be8-88d3-ce2f64e64d2a,Dolley Ivanishchev,United States,Female,135.7.246.153,Bigtax
ee195065-d018-4fb1-ab23-3922d25fd57e,Gallard Yourell,Malaysia,Male,81.164.72.118,Lotstring
f68fad7b-f5aa-4886-b9e4-9c0c2096b471,Lyon Gerrell,United States,Male,25.35.244.158,Zoolab
add2ae71-785b-4da4-999e-19c180d85adf,Bret Grzegorczyk,United States,Male,176.100.95.240,Tres-Zap
f3236665-ebb7-4ba8-9165-86eda166bd44,Kingsley Petrozzi,United States,Male,129.242.97.112,Lotstring
549e87e9-a11b-4669-b81d-1b357da7fd8c,Aluin Bangle,United States,Male,19.2.210.74,Pannier
18b623cc-210c-47bc-abae-f9953bb6397d,Matti Zarfat,United States,Female,150.114.190.141,Alpha
d8b35444-080c-4a7e-9be3-268fd2bdcded,Elisha Eby,United States,Male,240.179.86.41,It
34e2e12e-b276-4279-b1b1-374c857503bf,Darcey Clare,United States,Female,111.163.235.242,Andalax
a7c109c3-ae1f-4b94-8012-eed9eb0a7d85,Alta Caccavale,United States,Female,103.94.158.75,Temp
154f2b9f-3b99-462b-b620-935ec0ed4b63,Cyrille Toward,United States,Male,162.128.199.138,Stringtough
07807efe-74ab-48b8-86c5-9cdd82c5143c,Kelwin Brixey,United States,Male,178.254.158.38,Lotstring
8d77a2a3-269d-4c23-9506-e2396a647b20,Marne Hearnden,Malaysia,Female,46.24.122.104,Overhold
9c0936cb-fa9a-477e-b331-ecefa59c2095,Odelia Smalles,Malaysia,Female,222.136.170.154,Tampflex
36450ed6-3157-4c0d-b10a-582dce42f6ec,Chicky Killiner,United States,Male,192.122.136.57,Toughjoyfax
5b1caffd-0174-441d-8335-bcd93db1ad69,Hesther Cavolini,United States,Female,142.192.14.189,Opela
36d370bc-90d5-45a3-92df-2ac5319af7ae,Alis Velten,United States,Female,44.188.245.50,Wrapsafe
5595a187-e89b-496d-9961-ef453fcf4dd6,Daphna Mandeville,United States,Female,163.16.176.169,Konklab
09b01157-1fee-4985-860c-16a33f828b92,Lexis Hoys,United States,Female,56.1.243.207,Domainer
44148bc8-0f6c-467d-ad14-1ad8b373df9b,Malvina Sunshine,United States,Female,211.106.65.66,Zaam-Dox
fa954688-e6d7-4f1b-87c5-80db07f69a12,Desirae Laible,Malaysia,Female,32.192.140.105,Kanlam
1d70ed2d-dc78-4e3d-9411-930caffad2bd,Noel Laughton,Malaysia,Female,137.235.26.32,Fixflex
0300a3be-59ab-4af8-a252-0a154ec66dde,Michelle Vearnals,United States,Female,178.101.36.241,Opela
407228c3-7b7a-4b9c-a9a4-c925285b5ed2,Ambrose Torritti,United States,Male,172.84.94.184,Prodder
10fc1b25-d9e2-4728-bce0-d237d5d040e5,Trevar Fetherston,Malaysia,Male,240.53.99.13,Vagram
12dab839-b02f-4875-85be-53830f2ef48d,Cleon Knudsen,United States,Male,68.221.91.177,Tresom
24eb8f83-08d6-4a3d-94ec-70e80f7dfa90,Bram Foskin,United States,Male,254.247.26.100,Ventosanzap
8935ade1-2c10-4b3c-a751-ba28b50cd8b2,Cos Rumbold,United States,Male,24.174.249.162,Sonair
d675a645-6970-478d-ba3c-934afa6ba45f,Spenser Pietz,United States,Male,1.33.240.174,Asoka
7f7f68c6-9bb0-46d3-9127-0843414f29d2,Case Stallon,United States,Male,213.205.247.71,Sonsing
87efc31a-a011-42f4-bced-6d5b76bcfe9c,Mollie Pennells,United States,Female,192.126.242.53,Sonair
523114f9-a5e7-48a7-b7ec-76a9be736072,Lisbeth Palfrey,United States,Female,51.23.137.65,Treeflex
d5015e2f-9a5e-47cb-9b67-226aa3d5a020,Kenon Rappa,United States,Male,118.117.30.142,Konklab
49c5aa1c-f3ac-4b0f-a244-40afa566b1aa,Mab Kleszinski,United States,Female,64.178.55.15,Asoka
d16494e7-2f42-4484-8c96-0616b9bfd377,Ginger Woolforde,Malaysia,Female,6.109.6.7,Namfix
cd8611e9-1826-47b3-b8ea-acf1d7ec878a,Onofredo Lewson,United States,Male,55.224.219.178,Cardify
b75d7cf9-bace-424e-abc3-68f74412796e,Flora Coon,United States,Female,5.165.147.211,Tin
96a7a1ef-e5aa-430f-bb3a-49a3c3152994,Sarita Fancet,Malaysia,Female,31.234.57.203,Bitwolf
9c0658d7-ec64-4e42-9274-fd718e8a543a,Sandy Gonnet,United States,Female,197.184.239.238,Lotlux
b0e365cf-9a37-432a-a3f9-6d781de0a39d,Gibbie Pennington,United States,Male,197.59.83.22,Bamity
8a952c89-6864-4993-a162-7ac44ca50eec,Richard Ismay,United States,Male,130.143.245.51,Kanlam
b1ae5d52-5da7-49c6-b751-1487df6287f8,Moore Stuchbury,United States,Male,177.169.242.249,Pannier
58f8cc9a-de2b-41fa-939a-0cb9ebb08778,Cathrin Vasey,United States,Female,61.209.154.3,Cardguard
a0ac7d1e-75bd-4db3-b2dc-2718cb4158a4,Vernor Bossons,United States,Male,200.53.111.170,Stim
e7529638-7688-4e57-ab72-4407e1bf7132,Claudetta Beller,United States,Female,50.3.73.94,Bamity
d2fcdf75-856a-46ba-955a-c36c8bf8b7fd,Sarita Wakenshaw,United States,Female,55.20.200.7,Bitwolf
7d2984b4-b586-41fe-8463-99e8ad6394ba,Had Abelson,United States,Male,132.244.59.144,Tampflex
86022365-d50a-43a6-a4d5-5bfc22a69383,Peggi Hachard,United States,Female,186.248.21.152,Treeflex
6606323f-4da7-4c69-8703-5afceb32ed05,Isaiah Charlesworth,United States,Male,118.183.14.176,Aerified
cdd292e6-97fe-424e-b1dc-83dc6ea8f8d0,Conrade Adair,United States,Male,145.104.118.211,Zaam-Dox
bad1a83c-49ec-4233-b0f8-77743a058eed,Blithe Syer,United Kingdom,Female,249.184.149.241,Job
283126a6-aaeb-4489-a901-787df2b748fe,Coleen McErlaine,United States,Female,47.125.26.47,Veribet
4f064899-5747-42af-aff6-cedcdcc1bff7,Packston Combe,United States,Male,72.104.69.213,Prodder
60de650c-9066-4173-9069-ebc978e4abca,Carleen Cronshaw,Malaysia,Female,124.249.182.108,Tempsoft
9c214e57-2d6f-48c0-894a-38797330946e,Vladamir Ralestone,Malaysia,Male,230.13.244.101,Bitchip
716cbbb3-3096-4e3e-9eb2-e46cd607a11c,Jenni Meneghelli,Malaysia,Female,153.135.124.97,Voltsillam
a3fe4440-8a21-42d8-b952-0b6ac5e6bb22,Boycie Springford,United States,Male,212.203.22.85,Redhold
8bd52444-152c-492e-9d9b-1c4c50d3b207,Somerset Lincke,United States,Male,184.131.59.228,Greenlam
94a7785f-a677-4170-96a7-e2992c36f943,Nehemiah Ratcliff,United Kingdom,Male,88.103.126.88,Voltsillam
dcef640f-b8d7-412f-89a3-f81d70862cac,Nels Correa,United States,Male,31.20.196.241,Namfix
83691b95-13b6-46ce-9b79-606c2565ab82,Carling Josham,United States,Male,155.147.38.98,Matsoft
ad4211c8-da74-419d-87a4-fd4b88d1d731,Dale Leeburn,United States,Female,206.146.61.125,Redhold
e061bd65-3b9a-44a3-b28d-6c1f1ce169de,Heinrick Carme,Malaysia,Male,70.140.139.65,Job
866e473c-1ec1-4e63-89fa-9ec69646fd14,Sophia Pacquet,United States,Female,187.151.149.221,Alpha
9d25a8be-522a-4511-b800-7c556102bec4,Matt Simonin,United States,Male,41.126.27.116,Stim
fa2886b2-fda1-48a5-830e-ed8933e50f81,Lacey Tydeman,United States,Female,52.243.141.18,Hatity
e9b61b98-0185-406f-8c8a-3a6fc2bf288e,Cleon Fantonetti,United States,Male,150.112.164.245,Regrant
d852a6e9-81d6-45e8-b90f-c300cdea9886,Enoch Riggey,United States,Male,255.28.32.26,Bigtax
3ca10c96-54ab-4a36-abf6-a9a25e488d09,Hagan Grayland,United States,Male,167.72.212.74,Tampflex
c9cc6834-3c05-4715-9a85-5c290a86b047,Auria Strevens,United States,Female,48.239.37.207,Flowdesk
1433e0dc-25ff-4093-b7ff-39ddaa6bc697,Rose Rootes,Malaysia,Female,83.35.97.8,Job
7640dfb8-593a-4101-b2e5-8146c2e8e0ab,Uri Jodrellec,Hong Kong,Male,128.255.39.133,Zontrax
a4de29d9-1f18-4659-a579-82d7ef83aa75,Lorne Tonry,United States,Male,108.117.245.244,Zoolab
06f4e28e-79a9-4729-9e53-3b897807795b,Caty Mearns,United States,Female,65.162.195.14,Home Ing
7cfce23e-c7e8-4d39-bfd0-b9f22638f739,Abbe De Filippo,United States,Male,236.251.134.176,Viva
e35f6acd-6f13-4bb0-b95a-8587c7df4ccd,Rudyard Redish,United States,Male,253.24.82.6,Tin
a45dfd0c-8197-4686-a1cb-59b31ab8ff4c,Jeannie Hovert,United States,Female,30.21.32.146,Zontrax
beb4a523-d493-46ac-8532-245ff77903c1,Janis Loffill,Malaysia,Female,4.193.0.234,Voyatouch
a24b8ca6-e2e8-4b2d-9fb3-fdae173ed32d,Jamie Piburn,United States,Female,53.207.215.170,Lotlux
afe3a811-3d01-4356-8729-f67db241d743,Minnie Colbrun,United States,Female,138.141.58.203,Zathin
5c12d0e3-ddd7-4125-865c-d39c2acc6f78,Nevins Collar,Hong Kong,Male,98.79.7.195,Holdlamis
168fecc1-3115-4119-b569-3b4c581e8e35,Sophronia Dominick,United States,Female,210.204.10.201,Solarbreeze
24cf764d-ca66-4fee-a0ea-6809e782fb35,Arlen Isted,United States,Male,67.193.89.6,Vagram
95490408-eec8-45a8-af50-37b74f400822,Frants Cicero,United States,Male,190.20.68.58,Y-find
27ba7865-fae9-4357-844c-7cd6b3de32c5,Phil Janosevic,United States,Male,48.148.177.22,Bigtax
aa150d26-5f1e-4e1e-80e6-b7ae76ef8e2b,Robbie Oakton,United States,Male,21.149.14.173,Solarbreeze
87d16126-859b-42db-b582-4fcacf5af6c8,Hermy Silbermann,United States,Male,226.171.210.53,Wrapsafe
0b024d6d-e3f0-4159-946b-4ad6b42bf7d5,Doloritas Gleader,Malaysia,Female,43.253.218.106,Ronstring
2dba5323-8893-4f42-8472-ed8624705323,Luce Chesser,United Kingdom,Male,31.251.180.185,Greenlam
8b21c95e-e5ee-499f-9509-7b58849c5e9b,Blondell Vannucci,Malaysia,Female,8.52.68.252,Stim
42ab2bc6-b17a-4568-b302-b1b3728ae05f,Marylee Broske,United States,Female,72.193.28.36,Fix San
fc9be259-39c1-440c-91de-79a6bfb7e9a5,Niven Figure,United States,Male,52.202.148.224,Ronstring
2526d4c8-0d07-4d31-ab78-e3ac668d5271,Travis McWhorter,United States,Male,244.227.198.41,Bitchip
5b8d6cef-0aaf-4b03-a9d5-1a4728b09ce7,Christalle Gordon-Giles,United States,Female,30.226.236.74,Redhold
49f1cd47-9237-45e5-b50a-cf3b473a649d,Gregoor Broomfield,Malaysia,Male,88.181.122.187,Mat Lam Tam
c1a31490-35f1-4047-8311-dcf319f9d86b,Gregorius Rigby,United States,Male,153.148.147.9,Asoka
cbb85616-fcca-45fb-bc18-45d487fe4e5e,Nesta Heald,United States,Female,233.46.148.132,Aerified
9be83f5e-51f3-4ec0-8f5d-60850bf325d8,Forrest Rubenchik,United States,Male,241.1.79.76,Hatity
37da6c15-c5f7-4660-ab46-f2ba6d9473b0,Mace Castangia,United States,Male,149.90.172.189,Alphazap
62823591-ba69-4068-b0f3-9311bc63a9d9,Gilbertina Flewitt,United States,Female,53.64.227.185,Treeflex
68b86178-105f-418e-9234-8219b4376b06,Crystal Huckabe,United States,Female,145.108.173.83,Prodder
9e693450-244d-4610-9d7d-7920b1c66ab4,Gilles Lochead,United States,Male,128.44.166.202,Ventosanzap
c0de8670-4980-48ff-b3e7-efd5ac761272,Consalve McGrae,United States,Male,99.146.90.0,Y-Solowarm
fd4985be-1156-4243-a36f-5ff1d8726280,Wash McEnhill,United States,Male,118.80.156.241,Treeflex
8152e13b-395e-439d-8480-796d8580ca73,Enrica Biggen,United States,Female,198.38.114.186,Zaam-Dox
16d35c9c-c896-4a1a-8cb2-88ea874abc17,Lindi Aspray,United States,Female,8.198.82.123,Holdlamis
6eb5055a-67e1-49be-9d69-ac03d3aeacc2,Leora Toopin,United States,Female,166.65.134.24,Toughjoyfax
5b9f9711-bb05-471f-9d96-65a7f5741df7,Ilyssa Niesegen,United States,Female,255.201.60.59,Veribet
38211575-4c51-44e2-9a95-9e6a0b93f657,Billy Drioli,Malaysia,Male,10.83.226.106,Asoka
2a9bf7fa-d682-4fa9-81fa-4f03dd048af0,Reade Issacoff,Malaysia,Male,71.10.136.227,Opela
d82b8393-e191-4df8-a0c6-90988197a6d3,Karoly Engley,Malaysia,Male,8.201.112.156,Hatity
f9897994-03e1-467a-863c-ce6fd587fa0c,Vincents Mingauld,United States,Male,226.174.54.118,Veribet
479ac5bf-e9df-4348-b5ee-d67c93f1ca5a,Hogan Yakob,United States,Male,13.112.216.34,Treeflex
29135a5c-08c6-44ff-b4be-18c57af10562,Shepherd Peto,United States,Male,229.37.115.159,Span
da0ddd8d-013c-48cf-8ef1-7b56d57ba033,Marillin Maslen,United States,Female,32.221.169.5,Sonsing
95c8a4c3-6028-4117-ba09-6c1c46480dbe,Iormina Cushe,United States,Female,229.30.47.151,Asoka
d66ca577-e18f-4221-867e-469091ea380a,Vern Seawell,United Kingdom,Male,101.42.133.211,Ventosanzap
7113cef6-dc7d-4f3b-ab7d-a15aaa10d07c,Sibbie Desesquelle,United Kingdom,Female,36.71.53.37,Zamit
fa8171ad-69e3-4453-999f-0d88fe26a440,Marylou Ing,United States,Female,162.58.61.247,Prodder
b2268055-03a2-40f6-8f66-bf796fc58ca0,Danice Lewin,United States,Female,245.130.24.120,Tresom
7b73e064-0ab5-4551-b21b-7a9bf8f17689,Cherin Spir,Malaysia,Female,180.208.136.98,Bigtax
c3e393db-c0cc-4344-9970-a765e3827258,Blondelle Mealham,United States,Female,239.51.212.112,Prodder
07bec767-0149-4866-98cf-fe8dec16a90c,Sheilah Blaskett,United Kingdom,Female,79.225.130.96,Zathin
9c116ff1-f421-4aff-8518-dba35bdddb23,Hobart Lyste,United States,Male,0.195.251.195,Zoolab
19e8e0fa-96b8-4e8c-a28d-45a10228603a,Ebenezer Scollard,United States,Male,7.2.78.33,Zathin
c00d9c48-3f51-48ef-a88e-a917ab03d17a,Debera Northcliffe,United States,Female,129.134.116.232,Duobam
8b6b35a4-ceb1-466a-8dfe-45db5322bcc6,Kizzie Rosengart,Malaysia,Female,62.5.56.154,Namfix
9b19b9fe-3fa5-446d-9d5e-9fab21d819bb,Gaelan Kynsey,Maldives,Male,246.61.95.108,Pannier
bac08d69-20fe-48ff-835c-59018869d3e7,Easter Addie,United States,Female,29.42.37.73,Stringtough
4287426e-21a3-4426-9848-98c74b164d24,Kakalina Gardiner,United States,Female,0.10.75.16,Andalax
d5346f90-64cb-44ed-a684-95e7db316450,Godfree Lerego,United States,Male,185.191.45.56,Zontrax
a89cf5aa-013a-4b31-8710-145e7795f906,Judy Robotham,United States,Female,242.198.224.16,Stronghold
31c453ba-bbc1-4814-af18-e7a041d9e138,Baldwin Frisdick,United States,Male,192.240.225.198,Ventosanzap
f943462d-5869-4380-ae92-af1f08e91f9b,Eryn Yalden,United States,Female,149.91.253.34,Zathin
07b55365-8b77-4e90-b834-414629d587ad,Jozef Brockbank,United States,Male,56.163.169.151,Quo Lux
c3462393-f366-46c9-8191-40f9b65d1e38,Janel Niccols,United States,Female,86.1.103.19,Regrant
c22f8ea1-635b-4c97-ad00-39f0d62c649b,Rheta Tape,United States,Female,112.117.207.107,Fintone
e900c8a8-9ed9-4a61-82e4-ff9fdca6863a,Noach Zelake,Malaysia,Male,116.35.4.159,Namfix
119fbd7a-d7b1-4228-a9e9-7aee56773aa5,Olimpia Axton,United States,Female,77.213.197.35,Greenlam
d9e25bc9-e781-45fe-b37f-c7f441136241,Dillie Merali,United States,Male,84.197.138.143,Bitchip
b694602c-2a3c-4f05-9bdf-48cda2037af6,Catharine Lasseter,United Kingdom,Female,241.177.1.115,Voltsillam
b0120429-c2dc-40fc-b28a-3b0906f19a32,Davy Niesing,United States,Male,234.219.30.144,Vagram
c7b263e1-ca2c-4d1e-bdc8-5e97263d597e,Sula Brunker,United States,Female,68.154.213.22,Cookley
740d3c9b-814a-4463-b666-1f83eb38ec30,Ronny Pumphreys,Malaysia,Male,40.174.216.218,Otcom
04dc08db-2d31-4f93-be72-9e66024f8ddb,Goddart Votier,United States,Male,247.164.126.196,Transcof
d0b4d230-ea00-47e8-8f3c-f445b45afa21,Elvira Paunton,Malaysia,Female,42.41.240.251,Cookley
40b0b941-fd49-4cb0-8654-c5fd25f0983a,Stevy Belly,United States,Male,148.54.6.80,Zoolab
36aea8f4-bd0e-45e2-b2cf-7daf3344e90a,Jeri Lempertz,United States,Female,151.74.61.247,Pannier
5a7deb73-555f-434c-90bf-e1fd236a9b5e,Mercy Fleet,United States,Female,118.108.99.139,Pannier
8f13ac83-60e5-4458-ab29-19e97a29e417,Adolphus Crawshaw,United States,Male,244.156.174.245,Veribet
ebca322e-709b-4ca6-923c-7269536c9772,Babbie Pechell,United States,Female,215.69.182.72,Daltfresh
588695ab-f16e-4b47-83f2-0e83f8bbf581,Bel Tuer,United Kingdom,Female,38.232.253.28,Viva
b310d789-be5e-43d0-83f6-8ab7629411e7,Stafani Keuning,Maldives,Female,124.58.41.216,Konklab
c2894225-e8b0-44c9-b479-88c1dad188e4,Monroe Sibly,Malaysia,Male,22.153.197.95,Namfix
0929f274-de74-4f33-9b6b-db3f8587c672,Madelle Leddy,Malaysia,Female,176.185.110.153,Rank
4e494149-d897-401d-83f4-6ef6969b5cf1,Abdel Giovannardi,United States,Male,205.76.27.234,Ventosanzap
77e13b43-3b84-4bf3-8e1d-e4827a03a80f,Valina Vearncombe,Malaysia,Female,52.138.76.152,Tampflex
eaeb7afb-4b6e-4c37-b177-9ffd03baa94e,Chelsae Dran,United Kingdom,Female,238.2.189.149,Otcom
fbfd543f-6aa4-4871-ae45-b215bd13e21d,Koo Squire,United Kingdom,Female,73.121.201.194,Stim
b161fe5c-1846-44da-b84f-107fb364a9b1,Mamie Piatto,United States,Female,29.17.98.33,Stim
43e17b86-83cb-4124-8b87-57d44022f8f2,Pietrek Astman,United States,Male,27.170.92.147,Hatity
6de3aff5-ac50-4258-93fe-2d5e5db304bf,Madelin Brixey,Malaysia,Female,239.197.235.89,Veribet
3731185f-5132-4561-891a-52a04d120f32,Artur Huison,United States,Male,197.211.144.165,Pannier
a28d429c-3f44-48d7-a042-f76dc4bf7383,Hersch Dawdary,United Kingdom,Male,182.72.158.64,Quo Lux
90c2ad51-753b-4704-92ed-7fe669b6b9fa,Doti Joynes,United States,Female,187.124.139.86,Zaam-Dox
a18b79e3-971f-4a8d-a5ce-da0db6ddeaf0,Lazarus Shallcroff,United States,Male,177.117.133.71,Tin
d403bd1d-580f-4298-bdf6-e82b1eadf159,Allin McIlraith,Malaysia,Male,39.6.122.218,Aerified
dd9cc771-1207-4056-be34-b7aa904be605,Base Dearness,United States,Male,196.48.184.159,Asoka
f44b4ada-5f6a-4200-b0ca-7755982cb7e4,Tobi Duce,Malaysia,Female,233.154.255.151,Trippledex
43df23c1-0092-4df8-87c1-02d9851206c9,Jacinthe Prinne,United States,Female,76.85.58.25,Stim
88f32cad-0bfb-4920-8bcb-33e0cb3aeb82,Tabbi Fuller,United States,Female,0.3.121.126,Asoka
1524f379-b6a9-4025-be43-01bcd7f0f780,Lizette Skoate,United States,Female,208.215.74.19,Rank
07754ee5-5cf0-474a-9fca-e75e2e21952b,Ced Houliston,United States,Male,104.127.202.61,Y-find
a47f5010-66d9-46df-adfd-b661aaa89265,Ivett Blain,United States,Female,131.227.202.183,Transcof
b5362e33-ce8c-4274-b1fd-d7185f79e2b7,Clemmie Penhaleurack,United States,Male,117.73.89.57,Quo Lux
aafa33f0-0b88-4edd-a522-ec57c0c60fe7,Tamara Reven,United States,Female,126.89.111.216,Ronstring
7ecdf31b-3d22-4889-a7f9-7d0d7c348fa2,Aliza Gisburn,United States,Female,11.187.77.91,Duobam
b30622ea-adbc-44a1-9ce4-45b88da0235c,Rafaellle Gracey,United States,Male,207.8.164.148,Matsoft
ec5829c3-7af5-4dc8-9d9b-674f397cfd7a,Boycey Ricard,United States,Male,44.34.242.6,Vagram
b3596004-8201-4e74-aa54-35fd8c10b386,Kettie Attewill,United States,Female,69.112.149.107,Opela
9732d6b1-5bb0-40f7-9efd-4fecd148ede1,Maryjo Buddles,United States,Female,89.30.89.36,Vagram
dfd703d7-79b2-4970-9fa8-80531f95e9ee,Edin Ison,Malaysia,Female,144.208.229.143,Ronstring
896c15fa-6051-4736-b307-b0b402026fe9,Elysee Windrum,United States,Female,175.85.106.111,Kanlam
c4400d25-50bd-4f7c-8a47-2a3bdc021d8e,Virgil Degoix,United States,Male,97.242.90.181,Job
43bfc60a-952a-47bd-b78d-92676ba3d096,Emeline Pothergill,United States,Female,131.248.11.154,Tin
24f1e817-e80f-4648-a51c-d71e4420d20a,Kim Schustl,United States,Male,249.189.148.212,Lotlux
84d7b578-0d80-4ec9-af60-3f4370d42957,Allys Tynewell,United States,Female,158.35.165.93,Alphazap
662deb98-2816-4bce-8694-ecb7651296c0,Erika Santon,Malaysia,Female,30.194.10.143,Home Ing
a0084f86-5ef4-4604-9fb2-98c3ecf3998c,Gunther Flye,United States,Male,100.44.236.70,Viva
9737bbe6-e70c-4144-bda8-7d099f7bea86,Neysa Cutteridge,United States,Female,52.87.36.113,Tempsoft
6b65976b-ac8c-4026-b4d5-4af95b48cd68,Pansie Abrahm,United States,Female,212.190.205.86,Asoka
37434cb5-f29d-4b0e-8d2c-60d0acbbf261,Devondra Falconer-Taylor,United States,Female,154.240.72.212,Fintone
97875041-f362-4e98-b4bb-f56dfcf0426b,Emmott Sleite,United States,Male,77.102.123.22,Pannier
bc40188f-812d-4732-ad00-b58e33bfaf4c,Datha Afield,Malaysia,Female,66.177.157.127,Prodder
c7c73982-7688-4bc6-b77b-2a2f873951f5,Bone MacKeller,United States,Male,206.28.67.152,Zoolab
f966d71c-b1d1-414d-b381-e430fcbe0cfd,Luce Kearey,United States,Female,12.21.21.157,Subin
8723208b-4e76-4a78-a4b6-b232b15a95d1,Rochester Tommen,United States,Male,118.165.198.216,Tin
61195b6f-bda7-486e-b730-c1d0151f200b,Kilian Durkin,Malaysia,Male,209.236.58.25,Ventosanzap
a42f3fdd-ae49-4b8b-8370-f26d3878a87f,Findlay Nisen,United States,Male,194.4.232.66,Zontrax
cf3aecc8-da2f-43fe-83a1-6522f79bf797,Dex O' Donohoe,United States,Male,90.44.74.142,Overhold
1ee04617-1110-4842-8d26-8253b517b6f7,Gayle Deacock,United States,Female,198.83.217.49,Alphazap
464f81dd-654b-400e-aa74-88f4cd248fc9,Kriste Kinsey,United Kingdom,Female,247.22.234.123,Duobam
b459efa2-7efd-4700-bb75-50bdd11cad91,Oren Barsam,United States,Male,28.163.48.227,Bytecard
16dadf6e-2043-4469-b9f5-1d5c2a6f730e,Basia Ungerer,United States,Female,31.192.133.160,Bigtax
460aad56-8ac2-4731-bf64-d2f1de4f81e4,Jorge Krol,United States,Male,222.182.132.199,Tin
d0f69b84-1851-43f2-af8c-ba414d4ff6e6,Peadar Fley,United States,Male,105.239.17.119,Wrapsafe
e99aebab-564d-40db-9ecc-ce08166cdc7f,Wendell Flattman,Malaysia,Male,207.215.133.100,Rank
82819fd6-29c1-4ac7-950d-3bd6118ef9ef,Briant Rembaud,United States,Male,6.49.142.65,Domainer
3a59eb5d-0e0f-4259-8cfb-02dabbff4966,Byrom Daid,Malaysia,Male,121.31.149.143,Tresom
24e9b212-8f4f-4729-b789-dca85d5abccf,Ker Bessent,Malaysia,Male,123.115.11.202,Veribet
af1b1bdc-085d-49fd-87ef-258ee2453f8d,Clair Rentilll,United States,Female,213.150.178.204,Zamit
7e0685f8-571c-463b-84b3-974b4e35bc23,Pauline Wein,United States,Female,23.26.106.144,Gembucket
273e6c28-4dd4-4b30-aadb-e575c05416a6,Lee Pennell,Malaysia,Male,200.228.212.84,Stim
10b5b462-f878-494b-a31b-6d14b57d7962,Cayla Rickasse,United States,Female,50.79.154.224,Stronghold
f2619bc6-e1c6-4f5d-954c-67714f25eb14,Corena Spinige,United States,Female,128.130.6.32,Ronstring
5ad864c7-4a2c-416b-a4e0-c52f23ad8185,Emyle Grob,Malaysia,Female,195.89.231.197,Holdlamis
a5ba0da0-8d63-4887-96e5-bb828be18da1,Minnaminnie Proud,Malaysia,Female,60.49.21.26,Stringtough
f9df3949-3fb9-49e6-bee0-32415a9ebe51,Ennis Loveitt,United States,Male,139.193.146.174,Fintone
51700818-8436-483b-a9ff-196a2654c18c,Sammie Trathen,United States,Male,239.29.35.174,Job
87ecc834-c1e6-4b29-90e3-9387bcb1ef3c,Joby Enderwick,United States,Female,136.175.88.231,Wrapsafe
b72411d0-e77d-431e-a7c2-ca838ca4b80f,Ado Garlicke,United States,Male,135.195.91.76,Regrant
fbfb6bcb-1065-4913-abfc-f4aa45d1c810,Rollo Sirl,United States,Male,39.115.79.61,It
ed03bd46-54c7-48c5-905e-56abb712b7a1,Donaugh Pepler,United States,Male,60.170.24.159,Ventosanzap
e3036dfc-2c2c-4dc2-997c-f0bc53d7166a,Garrett Lafond,United States,Male,239.73.99.157,Konklab
4f6be4ff-43cf-4422-b080-63e24934a465,Ivonne Holtham,United States,Female,54.33.59.5,Wrapsafe
9f886f82-a3f9-45c4-9215-bf85af6bf419,Quintilla Pleavin,United States,Female,126.142.239.139,Bitchip
16d58e79-a686-4e82-ab98-5930dc5d1fee,Casey McRae,United Kingdom,Male,78.133.173.169,Rank
3b87701c-fc23-4137-8a61-bdd808b420b6,Moselle Oughtright,United States,Female,123.128.135.160,Pannier
0d351881-5005-4d08-bbc2-029226baaa13,Eada Pabst,Malaysia,Female,65.75.100.136,Voyatouch
f21a2ed8-03dd-4699-b0e9-53fb97ef1968,Dede Monteath,United States,Female,154.243.64.254,Asoka
e4bd8124-78ab-4b89-ac56-8327b9f3ccc0,Alano Duncanson,United States,Male,79.132.56.167,Zaam-Dox
53da17e0-8b6f-4e6e-ae55-08d9fba4cbbf,Gayle Collins,Malaysia,Female,201.12.191.31,Greenlam
72ebf5a2-5618-4a30-bb7b-77d9a7004321,Deeyn Tacon,Malaysia,Female,29.156.253.40,Voltsillam
0d3204c1-2718-4cc2-8f46-b81c90468a84,Matthias Ellingsworth,United States,Male,155.137.120.149,Zontrax
48b59df2-1ee3-4224-b5b1-c169ce8339fd,Junina Arnaez,United States,Female,90.238.89.237,Stringtough
2b312840-f7a7-4b1e-8d90-afd49be1cfa9,Kassey Corzon,Malaysia,Female,74.174.169.95,Konklab
19188239-242a-47b2-914d-1cbc738d0a61,Geordie Smythe,Malaysia,Male,91.205.96.5,Vagram
4f14ac85-1d1b-4cb1-9697-5e534a40bdb7,Boote Dew,Malaysia,Male,187.98.136.28,Stringtough
bc8211c9-97d3-4601-b60d-24d9972f5c69,Lazar Gilderoy,United States,Male,199.205.158.144,Gembucket
5ab2ae23-fa0d-4754-8d7e-1c2c58a7c776,Consolata Plewes,United States,Female,110.245.196.123,Tin
e69fa547-13ba-4209-86ad-649c97afa61c,Vyky Wanek,Malaysia,Female,40.60.8.151,Zaam-Dox
05b92673-6a16-41f0-98b9-aba1316999ee,Valentina Scurrer,United States,Female,199.89.143.133,Span
9e2924a7-c9cc-403d-9942-8a27720fb242,Mela Joannic,Malaysia,Female,173.134.211.25,Rank
328f258f-0e1b-42fa-a002-992ddd7b85d1,Vonni Krolman,United States,Female,110.155.91.147,Zathin
e375046e-08e3-44b2-a585-cf5e8786fc2b,Blithe Hyne,United States,Female,62.33.113.77,Redhold
96674c4c-75ae-40cb-8ca9-f45e84643635,Valentia Ruit,United States,Female,130.139.202.227,Aerified
0ece9eed-1349-4afe-a25a-7bdb2e85a44d,Joannes Penritt,United Kingdom,Female,168.54.198.146,Bamity
e1958a99-c14f-455c-b496-441d24a35b90,Marinna Snowman,United States,Female,217.217.139.174,Bigtax
c2aefb81-02ad-463a-96f8-8e753e16ff96,Faythe Wickes,United States,Female,26.253.152.232,Temp
ef2b200a-97f1-483b-850b-ec2d4fb907a3,Pasquale Nornasell,United States,Male,237.62.183.64,Tin
b982c578-705f-4239-a5ab-4ffbb5dca5a6,Felisha Hathway,United States,Female,77.127.90.246,Tin
593f11ce-42bb-4d6f-ba39-78824939ff40,Ruth Probin,United States,Female,63.179.132.167,Wrapsafe
7c1bba35-5eef-4b44-908c-3dfaaa4a1918,Flin Rockcliffe,United States,Male,248.237.187.5,Stronghold
0ba9c5c4-6864-4c0c-8646-d06052d18159,Donny Mordan,United States,Female,46.53.124.30,Rank
6dbdc894-2e2c-444f-b4e1-742b3ad91748,Lucien MacAiline,United States,Male,201.58.72.58,Zamit
5fbb88eb-9cbd-43e4-8f4e-106ae78ac101,Bride Mattaus,United States,Female,19.174.172.184,Span
ff3e3d06-fdf3-49fa-b754-87b3f04738f0,Mellie Aird,United States,Female,176.206.194.189,Bitchip
c8fd035d-34fe-4bfe-8708-00172764d4b8,Della Branscomb,United States,Female,108.157.175.211,Bamity
4b7b126d-8d1f-460f-97d8-5e24f727f4c7,Christoforo Clausen-Thue,United Kingdom,Male,174.106.82.171,Konklab
6cf89c97-157d-4dd7-8745-18ae982072be,Gustie Capes,United States,Female,189.66.57.20,Gembucket
ebc64ae0-b64c-4b7d-a3c6-8b1782e87fd2,Phillip Galbraeth,United States,Male,146.205.66.151,Daltfresh
72a2431d-e748-440a-b00a-9482f562aa01,Cly Kingswood,Malaysia,Male,61.58.110.122,Home Ing
7860e075-81e7-4e77-ae01-2016618035a6,Delmore Hartle,United Kingdom,Male,42.108.53.118,Stim
58dd30e9-172d-4c6b-aecb-b61b3da0a522,Porter Mariel,United States,Male,234.204.176.42,Bigtax
ed73069c-81a8-4e15-8dbf-3a72818fc652,Jayson Pauls,United States,Male,43.50.48.136,Konklux
393ab74e-3d03-42c0-a273-92981499dbdf,Godart Good,United States,Male,45.33.138.134,Tres-Zap
c2553381-7dfe-4f65-9442-e18d2ee8d9e0,Desiree Woolford,United States,Female,191.236.73.129,Tampflex
203b9f8e-9190-4d28-8bed-03c5a2668b69,Andrus Tetsall,United States,Male,38.207.42.159,Cardguard
5e4c05ba-6d5d-4e1f-b1ae-056deda1e189,Jannel Berston,United States,Female,53.20.229.162,Bigtax
e3a83f9e-2961-4068-8049-1f34f975ddc3,Aile Simester,United States,Female,168.48.158.119,Tampflex
b3ae18f5-16a5-409d-9dab-f3d288d153f6,Kirsteni Luciano,United States,Female,252.136.232.55,Ronstring
5fb1dc42-9530-437e-896e-fb31ff781180,Melloney Littlefield,Malaysia,Female,83.195.146.71,Vagram
56fd986f-98d9-49c3-9e0b-fcdcdec48d1e,Ajay Axford,United States,Female,34.150.227.123,Daltfresh
87130a23-c6b9-4fcf-a830-b32228affeb8,Wilbur Hanrott,United States,Male,235.110.247.154,Hatity
41ffc6be-c157-491c-afbb-2c616e252fa3,Caril Jones,United States,Female,244.76.86.16,Sub-Ex
74828fd6-a330-4b57-b7b8-755dd01f8a05,Michele Piet,United States,Male,5.197.40.142,Mat Lam Tam
0fb8b558-a839-4ee0-9712-48ecc848b1b4,Stan Dik,United States,Male,44.47.4.244,Domainer
72545009-f285-4def-aac8-123465ae672b,Gualterio Bisson,Malaysia,Male,206.119.63.61,Ronstring
8282773a-a0bc-44f7-b20b-8c75faa36e9d,Fritz Leyes,United States,Male,91.176.194.204,Konklab
2492f361-b7e1-4968-8285-7419391b73ae,Willy Wewell,United States,Female,82.163.55.69,Solarbreeze
3396525a-6a8c-42af-93cb-10d8a3f8c134,Brandice Dmitr,United Kingdom,Female,121.32.191.202,Wrapsafe
ebac882e-9490-4bbe-b1c2-9c5f4c25beea,Herrick Matthensen,United States,Male,90.9.145.101,Sonair
0863bebd-093f-4c02-a52f-fb598b15a409,Natalya Anwell,Malaysia,Female,144.71.176.124,Ronstring
c0f879a5-fb63-431e-b08c-60ae2aded97a,Bastian Connett,United States,Male,127.50.9.124,Tresom
c17389ea-e90e-42b2-8fae-5dbecb58d053,Renae Leupold,United States,Female,188.112.185.133,Sonair
957ea682-b9ed-4a0e-b4eb-cd0e1dcf6a8b,Fairleigh Lubman,United States,Male,22.54.137.42,Y-Solowarm
00a23f32-281b-4b8a-a74c-41f7eeb2a6d9,Gelya Dobbins,United States,Female,66.24.50.62,Lotstring
6c811577-2978-423b-a7ee-1a9eaff5053a,Hamilton Chaim,United States,Male,237.237.85.93,Otcom
018e5ff1-1436-403e-9d45-2cde1aee194e,Rustie Watts,United States,Male,77.78.100.178,Tampflex
8d2fd0f1-acfa-4ea5-8c88-f0fe7842016e,Britt Leppingwell,United States,Male,114.21.75.18,Fixflex
54de5c71-d3be-4820-b69a-e82a37cc2555,Case Baccus,United Kingdom,Male,50.47.181.209,Konklab
4e576504-d5cd-4239-b683-773fafb3a00b,Blaine Grono,United States,Male,82.204.175.25,Andalax
a566d1e0-b1af-4bd5-ad1c-f7440769c1f1,Erasmus Radnage,Malaysia,Male,152.127.98.244,Pannier
84586fe5-d9dd-4357-8a34-30625afc3146,Waylen Cowlard,United States,Male,129.0.5.190,Bamity
d2ce4a49-0e88-42da-864e-2bd8656fc259,Milt Grigoire,United States,Male,70.190.88.119,Transcof
cbd8ca81-ccde-4737-8a35-2f763c529461,Herb Fattorini,United States,Male,35.178.198.133,Zathin
d980e91d-e50b-4144-b8ec-430c9447754f,Roxanna Burberry,United States,Female,67.88.185.138,Latlux
9ba70531-a527-446a-898c-84e725209139,Belva Forgan,United Kingdom,Female,220.221.50.121,Greenlam
16ed438a-5e2a-499f-b445-0570780d9ba7,Rutger Goatman,United States,Male,183.87.61.107,Lotlux
3f00728e-36ae-4fba-bab8-dce00be04464,Duncan O'Scannill,United States,Male,169.128.90.153,Lotstring
9f7b97d9-557c-4ea7-adf2-09d69d117f4a,Dale Delacroux,Maldives,Male,45.89.73.109,Cardify
1f85abe5-63c5-4a4a-91e3-73b2d6eb2acc,Donal Wotton,United States,Male,237.169.103.191,Redhold
6b6e0020-f6a5-4caf-ab5b-9c9669e967a2,Quincey Hek,Malaysia,Male,218.5.37.194,Y-Solowarm
94a2f998-9c96-460a-9015-881de1f3f116,West Peirson,United States,Male,37.87.74.100,Tin
62120318-c80a-4eb4-88de-b8ed418ac1c0,Giffard Oliveti,United States,Male,151.58.6.124,Konklux
f0a7a72d-f0f3-4847-99c6-ddb255d5e8b1,Gav Klauer,Malaysia,Male,74.252.66.7,Y-find
55762203-0532-4e10-be0b-ada062fdac77,Gleda McGrane,United States,Female,223.41.47.21,Tempsoft
a9acf23d-a386-40dc-950a-43caee49376b,Rollo Thwaites,United States,Male,90.137.173.124,Subin
f5013369-1c2a-4865-a729-c3823f9a8778,Sig Tompion,Malaysia,Male,191.215.176.27,Cookley
90b7805b-c6da-4b7f-8f3f-45142d73e49b,Maggy McLucky,United States,Female,155.0.93.56,Konklab
6505e359-2c52-42b4-b2e1-295c83ac7484,Ludovika Buie,Malaysia,Female,147.187.123.209,Fix San
572ef008-e0f5-4c07-bc57-a385fdf98c43,Crawford Riccard,Malaysia,Male,180.19.202.159,Temp
14dc70e9-7689-4536-93ca-3d0baf0bc342,Jacquetta Lealle,Malaysia,Female,120.7.188.137,Opela
cb894233-f594-49e7-9c22-7b928636f120,Karoly Cannings,Malaysia,Female,41.226.53.58,Kanlam
82fa745f-d9df-4d11-b864-9868bb5aaebf,Ashil Masterman,United States,Female,60.221.122.94,Zaam-Dox
977c8689-2d31-49b2-ba9e-5b6b94d1ed00,Renee Pymar,United States,Female,226.134.104.222,Regrant
42900ba7-1488-4f9c-a306-0e2259b63646,Car Tarr,Malaysia,Male,154.10.79.141,Bytecard
23443598-5e5c-419b-87cc-61321e7d3fe8,Phoebe Verduin,United States,Female,218.100.246.64,Job
1a4625c6-a57d-4176-bc88-d5d8131ca8f5,Barbara Moryson,United States,Female,52.211.164.19,Kanlam
06a7588c-78a5-4005-ae84-6c2df4239215,Hagan Denney,United Kingdom,Male,222.110.1.120,Prodder
14c83eb3-efe4-4d6c-9a1c-ba8abe5679a0,Helen Lorence,United States,Female,119.81.237.159,Viva
e5854f42-aae9-4c93-8672-65daba3b418d,Matthiew McIlvenna,United States,Male,210.96.171.37,Matsoft
1785d69d-c3ef-43e0-ab6b-04c45f18d05b,Elyse Siebart,United States,Female,247.179.196.171,Bitwolf
de5f0195-6af4-47b0-84e2-34f82bab31b7,Lowell Amps,United States,Male,140.96.165.123,Tempsoft
b1cf590e-1aa0-4c8e-a090-0b07911ec289,Boote Seemmonds,Malaysia,Male,213.60.5.239,Holdlamis
0357cf43-a6d7-46a2-90b3-9fa5e4609b82,Staford Sheehan,United States,Male,233.136.183.121,Biodex
0a908287-ab11-470f-b29b-bf76546c7dbb,Gonzales Basten,Malaysia,Male,71.14.129.22,Ventosanzap
d40e775d-9b93-436a-a68a-7f8243e7478c,Rowen Mansel,United Kingdom,Male,240.7.188.104,Lotlux
574dcc40-13f8-459e-b7fe-8195b6c90388,Sergei Fennelow,United States,Male,32.59.238.123,Quo Lux
9c8d37bb-9e61-48d8-b68b-387a3e81714a,Cornelle Rosendorf,United States,Female,101.4.171.247,Alphazap
a2c4534f-3472-4a0a-b5f6-9efd769154ac,Enoch Saunper,United States,Male,89.26.43.26,Fintone
b84798b2-9cad-49d0-96be-a69a4c26dbcb,Liesa Tomasoni,Malaysia,Female,121.56.251.36,Redhold
9790b27a-2bd4-4119-aec0-905dc23c9de7,Elfrida Tarry,United States,Female,76.241.181.125,Bitchip
c94067db-f136-41cb-983c-69ee61d13768,Chaddy Dilke,United States,Male,9.206.155.141,Stringtough
6296d294-bbeb-4d64-b6f3-a7a3d955d966,Kelcy Rainton,United States,Female,207.67.254.67,Matsoft
a74569fe-09b3-4c09-8bfb-be856f140675,Levi Waison,United States,Male,215.160.42.225,Cardify
7b67e80b-01a0-4509-b1d0-604905cbc41c,Meir Russel,United States,Male,155.71.171.101,Fix San
52311285-7404-48be-852e-f56557a86f89,Mercie Greenmon,United States,Female,53.35.131.60,Mat Lam Tam
b462df6a-0e9a-4540-bbe5-3d358853b56b,Frayda Dungay,United States,Female,153.209.220.83,Zathin
90786454-7271-4651-a2b7-2617720de871,Boot Redihalgh,United States,Male,30.201.227.131,Stim
3267cf47-2ae1-41a4-aa89-360286aca950,Teodoro Johanssen,United States,Male,245.196.77.78,Prodder
9d582dfb-e81c-438d-83fb-70fc2e6826a8,Leonard Lehrer,United States,Male,73.194.51.245,Lotstring
99ed9556-f796-462e-9268-162a4387829c,Kalindi Pennacci,United States,Female,31.40.158.94,Bamity
c2d49d65-d6de-4ff4-97b2-2ca65d15d96a,Lemuel Colnet,Malaysia,Male,79.53.249.223,Rank
df1cbcee-4498-4722-9189-926e216a1a9d,Justus Bremond,United States,Male,147.198.113.253,Ronstring
1e12d2ee-94bb-46d6-aba2-d6c31466d24e,Kyrstin Vasilechko,Malaysia,Female,181.90.41.118,Alphazap
f4d1c466-2916-404d-9a91-7321f7c622b4,Arch Witling,United States,Male,41.75.119.89,Gembucket
8b49e164-548d-47cf-beae-8c40f6650f06,Henrie Doerr,Malaysia,Female,71.125.106.137,Pannier
86de3eee-4b31-43e5-ad15-1b68dd09bf60,Lowe Boscher,United States,Male,175.161.150.73,Bytecard
c3523c0d-52e7-424a-a174-4994d8c32815,Yul Folds,Malaysia,Male,56.122.111.113,Zathin
63264626-abe5-456f-aac7-675bec6e9352,Merilee Dewan,United States,Female,213.117.149.5,Regrant
a37f737a-1943-41f1-93d6-6e72c68303ae,Coleman Mugford,Malaysia,Male,69.134.12.152,Bitwolf
b9aa1ab2-f732-4431-b341-184d25d67760,Ginger Nellies,United States,Female,219.144.247.212,Rank
02d59230-e0b2-49fe-bcc1-714220526c2e,Aube Jenicek,United States,Male,66.51.209.173,Subin
e0edf24c-9420-4665-a72f-67d1945e59c8,Reidar Stebbings,Malaysia,Male,71.61.119.46,Ventosanzap
d384ca25-3a64-4b01-88f5-8c62de253c96,Teri MacGray,United States,Female,158.98.46.220,Prodder
a800b530-b6b1-4131-888a-55b5777a236c,Carline Negal,United States,Female,84.126.2.3,Trippledex
22b2dff3-d525-41d5-b141-19ac52a09a05,Randie Fawbert,United States,Female,40.218.79.240,Cookley
71d98b5b-2166-4fe4-86bc-aeb3ac3d1298,Madalyn Hann,United States,Female,81.192.183.139,Aerified
b94faed9-5117-4781-aeb4-729e2214b0cb,Vassili Meece,United States,Male,190.107.35.145,Subin
eb53f9c9-e593-4a7c-9edd-4a2738821f54,Paxon Fawlks,United States,Male,64.93.201.22,Gembucket
a014a4df-b4f1-4c99-8698-a70133b8c6c2,Kenyon Orts,United States,Male,56.180.178.28,Wrapsafe
ddd1d667-ccf7-4c12-853a-54e7c88b7ba6,Rois Ferreli,United States,Female,105.13.234.143,Overhold
3aae75df-4d83-48f2-927b-bf966c4c16b3,Bern Monery,United States,Male,55.55.43.87,Tresom
43768742-effa-474f-bd46-1dc54143ea95,Ricki Sinkins,United Kingdom,Male,92.166.103.22,Temp
c5d8d048-890d-4eef-af6f-11ec50782462,Calla Gerling,United States,Female,78.238.163.124,Tres-Zap
1fd2f987-aeab-48db-830e-f391849608f2,Wolfgang Hallatt,United States,Male,16.181.4.2,Zaam-Dox
9a4a4b1d-7c67-40ac-a383-49d270bf0cc2,Genia Yarwood,United States,Female,100.74.254.155,Kanlam
ea2386f5-6c5f-409a-923f-36724ec8283c,Christian Devanny,United States,Male,65.211.32.152,Ronstring
71ef3f2b-11ff-4689-b1a6-4a7a14c534ca,Stevy Tomes,United States,Male,163.26.162.192,Namfix
8bf005cf-a284-47e5-b93b-f695e2b39830,Tonie Tiner,United States,Female,125.133.105.34,Holdlamis
c438dd31-6e44-485b-83b1-98c0541cde39,Clari Dragonette,United States,Female,163.94.189.70,Voltsillam
7813d335-2ea7-4799-8f87-bfff069490a7,Antonio Hartwright,United States,Male,125.244.205.176,Span
7af3661a-370a-4092-99f2-e69f02455238,Billie Nelhams,Malaysia,Female,41.56.133.3,Voltsillam
4c41ac5a-a557-4fe2-ace2-840815e6a744,Brigid Jepperson,United States,Female,50.32.165.124,Rank
93bcc111-3728-44f4-b435-660badd54a7b,Vidovic Rhodus,United States,Male,115.49.96.48,Hatity
9cfbaac4-333e-40f1-9be2-13dd16a6ab85,Zachariah Ioannidis,United States,Male,97.253.125.119,Keylex
2b042988-4448-41f1-b7af-e651bec1a781,Jewel Boddington,United States,Female,190.61.211.233,Overhold
5428593f-cb77-4cd8-97cf-71cb43d9bf42,Guglielmo Foss,Malaysia,Male,214.229.81.130,Stronghold
f138d280-b7d3-491c-a27b-966d5c6c3c77,Thacher Chasteney,United States,Male,49.23.47.159,Stronghold
57fb891d-c0fd-405b-8efa-44bbf5ffe01f,Gabbie Eager,United Kingdom,Male,198.146.252.12,Keylex
d41e644a-c14a-4815-9d0e-bc4b52f51532,Edlin Whellans,United States,Male,123.90.217.122,Y-find
c9e61c5a-3a40-4c95-9ee7-a71a81715185,Aleece Beade,Malaysia,Female,125.16.239.6,Wrapsafe
0df566cd-7743-425c-8e10-1a0bef7dc77e,Adda Switzer,United States,Female,240.132.80.175,Home Ing
9b496907-0274-4f75-9337-115f40ef01ba,Ola Scown,United States,Female,224.50.74.73,Zaam-Dox
7513cdef-aaf7-450e-8097-9cfd8875fadb,Lizabeth Pollastro,United States,Female,160.120.58.132,Y-Solowarm
95680443-3cb7-4049-88c9-1c4b2b50364a,Vergil Grinstead,United States,Male,221.197.184.69,Bigtax
78f960c3-3257-453e-87b5-a3cd72b110c1,Madonna Aglione,United States,Female,243.37.23.219,Pannier
8c5ba946-2b59-4354-aefa-0ad43df0f441,Emlynn Scotchford,United States,Female,136.203.74.74,Latlux
7bed504a-c970-4cf5-81a5-6c03294fcd69,Oralle Bruinemann,United States,Female,122.217.198.9,Andalax
a500d617-5a1c-413d-8cda-07bb0da1266c,Jemimah Kerridge,United States,Female,114.192.139.49,Sonair
9d327728-e230-472d-9aa2-68fc5c69948d,Heath Gravey,United States,Male,228.192.139.251,Quo Lux
674825bd-6040-46f3-8bff-c5b054dadaa3,Wayne Harryman,United States,Male,177.131.170.229,It
290cb674-e2f7-446c-984a-0f97b4e9b984,Mignonne Cavey,United States,Female,13.114.225.105,Duobam
961b3a30-8e42-4b5e-a50d-628fc3a5dba1,Heddi Vinter,United States,Female,156.242.133.246,Prodder
5e50a81f-31a1-4846-a5e2-35a762642934,Carlina McKissack,United States,Female,171.58.219.92,Redhold
5c35b353-fbf7-4a9b-b78d-4055358f5094,Maxie Blaine,United States,Male,216.162.144.237,Subin
96d5490e-28a0-46ea-903d-94ee2e58b04a,Lotte Benneyworth,Malaysia,Female,176.77.117.244,Tampflex
f96a5103-c33f-4305-9264-6d20d7328701,Herbie Goodsall,United States,Male,175.109.44.49,Zontrax
a4f1f609-2c9c-4705-aebe-d99e2aac2a9e,Elset Clementel,Malaysia,Female,182.132.86.197,Lotlux
f917ea6d-3593-42bf-8b75-56d736a93f7d,Lotta Vannoort,Malaysia,Female,206.209.52.163,Solarbreeze
98904a92-c32f-40f3-9fe2-fbb454306eaf,Nestor Ellerker,United States,Male,236.95.46.157,Veribet
4c66e1ef-86c8-42dd-8fe6-37f8dc5abb05,Noella Erington,United States,Female,29.188.155.191,Otcom
3846a7a9-98e7-4032-846f-c3e7135589db,Doe Halwood,United States,Female,173.44.44.0,Flexidy
2a40975e-46ae-48c6-aab3-9e1afc61a16b,Eadith Dady,Malaysia,Female,82.213.21.250,Hatity
f387c5a0-e841-4a7d-809c-0a7c6aa2d932,Stearne Ashbolt,Malaysia,Male,222.45.199.237,Job
5fabb39a-8867-4099-bb54-6e66258447fc,Allayne Gooden,United States,Male,30.134.113.168,Vagram
ebfca685-0f7c-4d82-a902-b3aeecded497,Crissie Bradane,United States,Female,181.228.121.200,Mat Lam Tam
40596fea-5581-4290-a753-8bb0a1c7c5e1,Koren Brumfitt,United States,Female,206.209.157.154,Voyatouch
dafb9f46-0507-4e3b-950a-c7b50b6482e5,Augustina Lambertz,Malaysia,Female,78.158.61.200,Voyatouch
b5d85c00-4a63-4ead-afce-dc9629af65a8,Jean Splevin,United States,Male,36.242.208.65,Overhold
26779c27-fadf-4ae0-8786-df8f22876457,Rhiamon Decreuze,United States,Female,65.200.50.183,Konklux
0535770d-6b5d-4e6b-8f14-d241f90066fa,Elsa Snoddon,United States,Female,211.204.99.61,Bitchip
c6a678c9-aec6-42fe-a294-54c5dac39687,Rollie Eacle,Malaysia,Male,214.116.3.149,Hatity
47708429-26a8-47d8-96db-70c02932963f,Isak Antill,United States,Male,140.49.9.132,Greenlam
ae389173-ffb9-48f7-aab8-6fda5cae367a,Davine Kiloh,United States,Female,227.162.102.59,Zamit
47a2cab8-cc72-40c1-80e2-a2c94f645f3f,Hartwell Winterburn,United States,Male,229.137.95.32,Bamity
b053d595-43e5-4655-aabe-a747dc326195,Ileane Ondrus,Malaysia,Female,250.71.94.49,Tampflex
ff7c4f59-b360-434c-a9a2-68947c296b2c,Paige Choudhury,United States,Female,187.50.0.47,Lotlux
548b9cda-0983-4884-9237-139f007879f8,Sauveur Arbor,Malaysia,Male,250.73.212.140,Alpha
08c27e27-06ec-4835-8182-bb7a706b0811,Joly Shanklin,United States,Female,182.124.33.124,Y-find
8f999097-a1b2-4471-813a-930ac0edde1c,Sidnee Dickey,United States,Male,113.52.96.40,Vagram
c7e7351d-248b-4a8f-92fe-40a5ad0752bb,Shayne Hatton,United Kingdom,Male,248.120.98.254,Asoka
08ed2bab-8b4e-4f2f-b498-9b48370e3e5b,Courtney Phillipson,United States,Female,150.236.89.14,Bigtax
57fe8a98-b354-49ef-814d-af958c7710d0,Roseline Pryer,United States,Female,95.80.74.167,Namfix
27a1c3ab-4a4d-4b8f-87cb-77e9f327697b,Tildy Heustice,United States,Female,110.168.175.80,Bamity
3fcff576-94da-445b-93eb-6947ae55c4e8,Melvyn Bus,Malaysia,Male,172.179.94.223,Tin
959610a1-393a-4897-bad5-c2e6a0a65b75,Mike Immer,United States,Male,172.201.47.77,Rank
2a57e0af-9865-4883-a007-02434d3fb69f,Brooks Cosser,United States,Female,81.4.208.84,Job
411cab90-bda9-4c29-9046-9806700211f2,Otis Dines,Malaysia,Male,216.201.20.142,Subin
c77f6772-2179-4337-86cc-eca340f27c48,Cchaddie Tharme,United States,Male,14.195.100.246,Tampflex
baa54b08-c608-4707-829c-a49189ffb942,Alexis Headly,Malaysia,Male,20.178.195.88,Ventosanzap
6e681cdc-8974-47d6-8eb3-706732386ebf,Sybilla Duffan,United States,Female,84.85.90.53,Voyatouch
6a4bf1f9-fc65-40b9-a0ae-71458991aaef,Malina Paprotny,Malaysia,Female,184.183.15.80,Quo Lux
8281f985-bbee-4314-bc0f-67110b361b2e,Brnaba Burge,United States,Male,244.119.174.183,Veribet
b3439f56-00c0-4bb4-af7f-52027feac22c,Gabi Henken,United States,Male,37.252.130.136,Stim
6c2af6a0-3015-4832-bd89-5cdb31a1c650,Martguerita Seide,United States,Female,133.216.136.239,Temp
30265d70-fff7-4637-a2e8-925a697496f1,Cayla Whittington,United States,Female,79.254.72.122,Quo Lux
5da8f840-21bd-453d-a386-7f08601124c1,Mendy Aizkovitch,United States,Male,99.244.168.109,Konklux
3c6ac791-5cbd-496c-887c-089a7d574190,Gerome Diggins,United States,Male,188.113.107.0,Wrapsafe
ab429df8-8f68-433f-8768-9268fb144414,Dalia Kliment,Malaysia,Female,61.236.238.175,Zamit
712867c9-ea4e-4482-bbe9-1e341a3ad8ef,Kris Colville,United States,Female,205.82.39.93,Home Ing
b58ca0a1-5267-467e-ae42-bb654caee7c4,Waiter Feechan,United States,Male,40.96.244.167,Konklux
52438513-d4ca-4013-87ab-972f9f20e377,Basil Jentin,Malaysia,Male,173.132.166.94,Trippledex
3842a0ba-b362-487d-a10b-4d318016b675,Brennan Guesford,United States,Male,82.245.22.3,Flexidy
c3993973-9696-469c-a522-055e82ab14c5,Ronny Gilcriest,United States,Male,97.235.207.28,Mat Lam Tam
539009fa-be9f-44d6-83bd-9ffa0a62f6a2,Gerry Kornes,United States,Male,82.61.95.188,Treeflex
155e0464-0593-4c4e-b838-61014941973f,Brit Clemo,United States,Female,217.7.100.53,Tresom
6d642208-88b9-4230-8a0a-1489d9ca1416,Bert Sollom,United States,Male,82.212.52.113,Holdlamis
736e799d-97db-4fc4-97e0-24d9115ba020,Wolfgang Rathbone,United States,Male,228.18.95.15,Bitwolf
9250072a-b65f-4516-8474-465068bb5ecc,Kermit Pride,United States,Male,148.119.80.7,Cardify
7cb2b440-0c20-42fa-9032-c0c6e85ecd54,Gayle Delooze,United States,Female,168.217.176.186,Quo Lux
179ff846-409c-4f0f-a670-e1044c545ae4,Sibel Peizer,United Kingdom,Female,198.195.103.227,Zathin
6d2c29bb-80ac-4cb2-bbf1-29f545806aa0,Onfroi Spensly,United States,Male,246.77.90.224,Vagram
6bf0946f-58f3-44b6-ad0f-e71f371bcbfa,Janenna Lovat,Malaysia,Female,152.204.122.74,Konklux
f05c3446-682f-4e1f-bcf8-3ee3d7ee2757,Brittni Horwell,United States,Female,114.34.96.132,Bytecard
f7594378-e289-4fbf-9af6-2b84b7b1a878,Milli Vasic,United States,Female,107.147.75.173,Sub-Ex
76c3f53c-546f-4972-8c5b-b6db6586a7da,Dillie Ranyell,United States,Male,171.124.45.5,Zathin
549a62e0-6d63-4854-b108-64abade3d41a,Sheba Claris,Malaysia,Female,240.208.134.20,Biodex
ec0e94b3-012e-4bea-8023-d8f8bb14a2d3,Eb Knightsbridge,United States,Male,3.22.245.30,Y-Solowarm
1be5ea0b-01e0-4673-a222-25958a40ec50,Crissy Oakden,United States,Female,6.183.6.136,Tin
46f4b0e2-15d4-43d5-88b3-7208621b63dc,Agnola Trapp,United States,Female,199.6.62.68,Daltfresh
e2727870-c17e-4e5a-9c37-19d1f6d0a6d1,Gipsy Martinat,United States,Female,80.91.52.75,Y-find
302f323d-0b2f-4172-9e6c-41262db58251,Hatty de Grey,United Kingdom,Female,149.162.62.185,Stronghold
c161a38e-f347-45c2-b87e-0f51f6b90795,Tildy Hegel,United States,Female,26.98.204.125,Holdlamis
391e758f-9019-48d1-b643-9b8465f5275d,Clemence Stirzaker,United States,Female,46.96.239.184,Andalax
5009c70e-7cf5-4b58-b88c-e7f1df6d4021,Jayson Colquhoun,United Kingdom,Male,197.10.63.149,Overhold
86725561-eb72-4a3c-b061-42731b879392,Tonie Rubbens,United Kingdom,Female,142.145.158.230,Redhold
7ee463f8-ed13-415b-845e-598bb47d89d7,Leonidas Churly,United States,Male,46.170.248.218,Stronghold
70764166-cb71-417a-86aa-c63cc72e18ff,Davide Croston,United States,Male,159.167.15.219,Keylex
c2f6b75c-d150-4dae-bfc3-6cba05e551a4,Delmor Oddy,United States,Male,16.133.240.110,Tempsoft
08c2d994-476d-4785-81d5-d58c6c161557,Minni Walklate,Malaysia,Female,58.31.119.189,Duobam
c4ac92c2-e33a-4fac-8fd6-8d7a77b9065c,Edouard Steuart,United States,Male,237.184.76.212,Opela
4eb561e2-9ce2-4b1d-88fa-2f7945588025,Sherye Dunkerly,United States,Female,149.232.231.118,Wrapsafe
6c84bad8-d521-4854-8415-2e766b414f88,Huntley Corinton,Malaysia,Male,134.45.214.139,Konklux
6ffedf65-0630-4e4e-be84-b4f9e1f0b9f3,Olvan Petracek,United States,Male,120.202.44.211,Konklux
796270d4-3496-4d4d-bf26-5b27f44ec4ee,Marlin Godmer,United States,Male,175.116.150.125,Cardify
511e54f1-62e4-4e6a-9309-e43bda7a27d9,Shelly Proud,United States,Female,42.156.227.26,It
341e3500-be53-4713-bbd3-77f5621923f1,Udell Jantot,United States,Male,146.132.177.222,Job
8cb61f62-c5fa-4e2e-b147-9d8b9b1c4adf,Fayre Gateshill,United States,Female,43.188.204.115,Pannier
38f71b77-09ab-4929-a573-a5d75fea6441,Hedvig Colquitt,United States,Female,142.147.131.185,Quo Lux
abaf17d6-853c-4805-aef3-ea6e19c62f2a,Man Adolphine,United States,Male,67.164.91.43,Andalax
3039d895-8427-47ba-a06c-699dea1d4e7a,Kermy McGeever,United States,Male,186.241.32.28,Cardguard
11807ff9-afbf-4724-9818-e878fc5bedfc,Stoddard Traviss,United States,Female,19.11.174.70,Matsoft
b5ae612f-c6ea-47eb-bd4a-57d006fc8641,Ulick Slafford,United Kingdom,Male,44.63.20.203,Subin
1f4b4036-91f7-48c8-894c-04c0543971c6,Tully Davidoff,United States,Male,177.183.9.178,Pannier
cab32f82-5bd2-4001-92de-5f88ebfd0ef9,Lucias Varns,United States,Male,228.130.202.51,It
7198b102-59c3-4578-87b7-3f89eb9f9fdb,Shirlee Di Filippo,United States,Female,171.28.118.27,Hatity
9644e32e-b0ba-4b11-84af-328c39794da3,Hunter Cheeseman,United States,Male,171.150.77.210,Alpha
091c874a-a8b7-4bfd-9670-154373cf3b23,Itch Aldhouse,Malaysia,Male,133.87.16.57,Lotstring
7199da7b-e160-4591-8c56-b5e143148708,Viv Izaac,United States,Female,217.83.209.238,Daltfresh
a7e3c4ab-1190-4b1c-8c47-69cde5f0a46b,Sloane Sibun,Malaysia,Male,86.123.148.128,Pannier
751e1ce1-9ccc-46db-ba0c-527acab10177,Kriste Gother,United States,Female,89.160.158.91,Domainer
21809a68-403c-4aa3-96d9-35f824255f70,Lenard Hadden,United States,Male,112.137.103.140,Regrant
27053ca9-12c8-4b21-8120-f04c53b159a3,Jacklyn Epdell,Malaysia,Female,64.155.120.101,Quo Lux
25622769-c661-4e61-bfdc-a561c11e003f,Celia Josilowski,Malaysia,Female,22.108.116.6,Subin
bd09ba1f-3a21-4e59-91b5-a107d840b974,Randi Chidler,Hong Kong,Female,94.192.113.220,Redhold
bf4c40b0-8a35-43fd-a40e-1eadf0613623,Karalynn Mughal,Malaysia,Female,246.160.181.253,Lotstring
fe1b1c01-a4fc-4814-b4a3-a1145371c497,Madel Cunliffe,United States,Female,156.85.77.84,Bitwolf
5ce3d208-d29a-4beb-8f7b-690771ac1b22,Mohandis Barttrum,United States,Male,220.107.143.32,Redhold
8653291b-b0bc-49c4-9c85-5f1366ca7bd4,Kizzee Davydkov,United States,Female,212.219.93.140,Biodex
cb414416-193c-4320-9008-5ecb633c7ca7,Barney Gilardone,United States,Male,133.215.160.168,Opela
c30bb567-3890-4eb3-ae67-09997134b2e4,Kimberley Tocqueville,United States,Female,106.213.132.134,Vagram
de704fd2-3fb5-47de-b2d0-eea03a5704c5,Wally Lillyman,United States,Male,117.69.178.118,Daltfresh
81a00bff-d2c6-4c36-a4f2-0ffc89a9991f,Annice Stranaghan,United States,Female,250.83.122.135,Fix San
52965260-b61e-48fc-9757-dc12d8abb61d,Xenos Cathrae,United States,Male,189.65.203.146,Fixflex
ef365c40-8979-432d-97cb-a773cc5e93b0,Shir Pennrington,Malaysia,Female,205.197.83.252,Keylex
eee53ee4-9d06-4697-a4c6-16c5583f086d,Clark McCoish,United States,Male,107.186.220.197,Ventosanzap
e8d76b17-a278-4545-b384-4e7211ea6030,Staffard Delgua,Malaysia,Male,139.44.176.212,Trippledex
22a9bc26-a5d9-4f6c-8bae-243880dfa372,Tybi Tierney,United States,Female,1.107.37.19,Zamit
92a630d5-a270-4ee3-9db8-52411fbee5cd,Conchita Heiss,United Kingdom,Female,166.235.40.119,Kanlam
b1a93922-6f3d-4b95-a82b-596e5a9da949,Davidson Galliver,United States,Male,203.141.170.99,Stim
4ef25d83-08c5-4198-9664-94155a10a86b,Gisele Tweedlie,United States,Female,154.50.219.46,Sonair
75216ad2-dedf-424c-a31b-87e886c9251e,Shelly Aherne,United States,Female,182.220.147.38,Pannier
78c0690a-8a0d-46e9-b1e0-24be74e820d0,Balduin Welford,United States,Male,17.233.154.139,Lotlux
0d492422-cfa4-43ad-9f5c-f29aff025237,Renaud Stephens,United States,Male,51.22.155.145,Home Ing
8098844d-0188-4e44-8ad5-6273d20d5a7b,Deck Blacket,United States,Male,247.106.119.160,Biodex
682bbb77-2ae8-4201-9a28-62406de90a15,Vivienne Masser,United States,Female,213.209.30.32,Daltfresh
56bd1c1f-1710-4294-be72-58399429031d,Matty Keyme,Malaysia,Female,160.178.104.206,Redhold
2d646fe7-c46a-4abc-83a6-428fca6d55a4,Dwayne Rubinlicht,United States,Male,211.201.234.53,Tresom
f0ce8e7d-e57e-481b-9965-0b0a97ba6709,Joellen Abdie,Malaysia,Female,7.123.128.73,Holdlamis
bd05e089-02f7-44ef-84d4-515a2627ddcd,Sharline Kittless,United States,Female,201.117.222.115,Tresom
5a0ff223-3e59-4b19-8d8b-c4e0527ae957,Brew Batrop,Malaysia,Male,115.216.132.125,Flexidy
431400af-3e38-44ab-b7e6-2ff9cedb75a9,Kyrstin Lutwyche,United States,Female,253.152.46.29,Konklux
6f7f76eb-a810-4dbf-9da6-5e4f84e91b40,Meir MacScherie,Malaysia,Male,174.124.68.129,It
b0952650-7257-4dea-9480-0a1d7756c92a,Gayel Starbuck,United States,Female,137.126.36.141,Konklab
b8ded7a2-8497-4acf-8894-15e783cdd6d1,Roger Morby,United Kingdom,Male,216.86.174.239,Sub-Ex
05d441d3-e552-4b6e-ac95-97ec05fa4eab,Trip Garside,United States,Male,112.74.228.64,Voltsillam
1f2f30ce-007c-4fc6-a2f4-acfb4f3c5af7,Petronille Hartburn,United States,Female,50.53.45.180,Mat Lam Tam
a9c31bbe-1552-46d4-b9c4-1d40bb4f9745,Flo Hanham,United States,Female,31.147.186.237,Bitchip
259fddd5-5dfa-45ed-a7ec-558d67f31ece,Rodolphe Rhoddie,United Kingdom,Male,44.65.148.215,Bytecard
9d253b27-27fc-4436-9a89-cfdcffb2c469,Sadie Jirka,Malaysia,Female,70.210.79.135,Home Ing
be0ea7a0-1324-4ee7-8ccb-5e2fc13f030e,Even Batchelour,United States,Male,175.212.159.243,Opela
e0246216-5e75-4ceb-9651-1177844591a8,Aubine Iacovacci,Malaysia,Female,85.219.174.233,Y-Solowarm
2aba1737-8256-4003-b114-bc2d2140ee9a,Kayle Laycock,United States,Female,121.94.176.31,Home Ing
a6a330ab-52ed-4cfc-adbe-671070bb93d0,Gavrielle Hince,United States,Female,120.240.241.218,Holdlamis
bd265ad9-067d-4ee9-8156-32eb64cdc270,Perkin Fawltey,United States,Male,176.94.154.117,Bamity
1a62ebc9-f342-495c-8b96-a758fc07fe60,Cortie McCosh,United Kingdom,Male,132.207.39.108,Biodex
d0a6c58f-7b01-4408-8b21-1470682b57e3,Bee Manchett,Hong Kong,Female,235.44.152.74,Vagram
869eaa78-cc0b-4c2d-9a07-508bcb746fc2,Euell Siverns,United States,Male,151.4.91.121,Matsoft
e226a261-3ef5-4325-b020-dd7d8b3a0290,Monti Tale,United States,Male,169.204.227.143,Rank
854ab8de-e8ba-4620-b4e2-e68e26a6014e,Reagan Shirrell,United States,Male,55.133.99.136,Toughjoyfax
865bf42e-4382-4831-bfa4-4ef4f34c6c2c,Barbra Dewdney,Malaysia,Female,107.3.246.98,Ventosanzap
5776d526-fceb-4960-ac73-da5896dcb560,Edyth Armell,United States,Female,122.53.180.170,Cookley
65f23e0e-17c4-4aa5-b907-577eb82f8591,Arte Libreros,United States,Male,183.114.19.29,Rank
39edb672-aec6-4cfd-8e06-5e0942e22a8e,Stacy Amdohr,United Kingdom,Male,107.218.219.182,Bytecard
e54941f5-9343-4f91-b90b-1ea1a56edfac,Joyan Gobbet,Malaysia,Female,208.36.216.191,Bitchip
c3dbf148-b698-45d2-941a-37ff33387a7a,Sherlocke Inchan,United States,Male,23.164.59.7,Tresom
8e1f23db-a1c2-4a1e-9422-5f8c86ec9ad3,Payton Hathaway,United States,Male,112.9.189.158,Bitchip
c462f952-6799-4995-a718-48ea64e48851,Lockwood Liddel,United States,Male,209.121.89.148,Voyatouch
17852736-3429-4715-ab02-67d6bd78f130,Darda Netti,United States,Female,199.0.230.238,Zamit
b970d370-300b-4d7e-9f31-f584d8c8e3ef,Quintana Wehner,United Kingdom,Female,65.207.237.81,Lotstring
7e300f53-eb29-4302-8d11-bdff78e85ee0,Concettina Postill,United States,Female,152.104.207.246,Alphazap
5d8ead31-fffc-4f4b-b8b1-7df8609a057a,Barnaby Sam,United States,Male,8.101.78.113,Konklux
92f37cb6-eb32-440b-8182-8f90e96c7af3,Olly Learmount,United States,Female,84.27.47.96,Biodex
42b9325b-1aba-428b-8f83-3e5a4bdd0b84,Helli Rosenbush,United States,Female,253.101.103.223,Bitchip
4f57ad8f-734a-482d-878d-b8a4eb06d57e,Nolan Swetenham,United States,Male,44.139.165.139,Solarbreeze
1835157b-f7f8-4761-9f79-0148d2ec0eac,Ddene Schimank,United States,Female,184.101.55.248,Rank
5d81c8da-855b-4573-a611-56612fc93692,Devina Warwick,United Kingdom,Female,87.82.150.192,Cardguard
8c24484d-6938-48df-b367-300d8d07fe81,Brittne Critchlow,United States,Female,253.176.13.179,Pannier
d37180c8-fd60-4bab-9216-2650a0c01135,Wayne Kemston,United Kingdom,Male,150.91.93.55,Lotstring
3bc73b4e-a6c9-4fea-9370-793c808702c9,Shannan Blazhevich,United States,Male,95.183.79.59,Tresom
0c4a8d2e-60b1-4991-94a9-99a554067944,Roth London,United Kingdom,Male,61.250.123.9,Kanlam
145c3cad-feaf-4a97-9cb5-6ca7e62edaff,Darius Casajuana,United States,Male,115.151.184.12,Konklab
1a070e26-8b81-4cce-aaa3-deaf34849910,Lurette Splevin,United States,Female,72.25.178.8,Pannier
116ced8b-c214-44a9-a2c4-a8cdca5daf49,Leigh Pirrie,United States,Female,169.105.112.214,Bitchip
0b46e4b6-c037-4496-9192-2c4ff616d16a,Salvidor Kerr,United States,Male,215.98.210.145,Bitwolf
af6672e5-8db2-406a-bce4-4b7d465e9413,Wade Pichmann,United States,Male,72.76.216.248,Keylex
ad947e24-091c-49a3-a868-8820e1b7cb1e,Jozef Fishwick,United States,Male,95.15.165.73,Alpha
0da40d8c-e302-4004-befc-33d1cd25c0e2,Fergus Berdale,United Kingdom,Male,67.127.190.137,Bigtax
386e123e-358b-4726-983b-e9cc6976de19,Bent Mossman,United States,Male,214.3.146.190,Duobam
a3ca0e20-102e-48aa-ac4c-7a32c7e9f930,Lucian McNabb,United States,Male,173.150.121.236,Opela
548cb58f-ef20-4134-978b-2965d4acc751,Anne-marie Deller,United States,Female,79.25.158.182,Trippledex
b27a6650-9a13-40fa-b014-bf4bbc67e167,Emmy Knightly,United States,Male,118.202.201.214,Stim
f9201a45-e21e-4cd6-adf9-c7bec52f7329,Madalyn Gianiello,United States,Female,82.88.33.177,Viva
5d191fa7-1f23-4706-8e3a-7c0992605b31,Maible Scobie,United States,Female,158.223.154.200,Temp
8f4564d4-f5f8-47b4-be7c-7b543ddd1e63,Templeton Van Der Weedenburg,United States,Male,17.17.62.67,Tempsoft
aa1c6d28-6613-43fe-9f5c-800fb0140bf2,Tracee Idel,United States,Female,183.26.204.186,Alphazap
923ea370-598b-434f-97c3-c238827d2ee9,Celestina Oslar,United States,Female,165.123.88.5,Ronstring
0accdc70-3671-4de4-9fd9-f52915a41d3b,Orion Whaites,United States,Male,55.183.138.234,Alpha
623ab166-4618-4c2a-8e37-136fae307226,Wendye Tidmas,United States,Female,145.247.144.140,Zamit
26bf5047-48d4-4eff-bcf0-881e20671bde,Dasya Sidary,United States,Female,44.186.126.174,Zaam-Dox
8e0fed60-593a-4dec-994a-ded3c8e45e55,Edouard Twigg,United States,Male,168.132.142.130,Job
067839ab-7b02-4185-a5c0-dff5d2e45dd4,Tomaso Casellas,United States,Male,237.214.86.186,Cardguard
b06c1115-590c-4624-b6bf-741ca4983143,Jerry Tredger,United States,Female,241.81.7.12,Home Ing
b59e38aa-39da-4a7e-a94e-305290a462bc,Kary Gilogly,United States,Female,24.224.154.213,Latlux
ced649bf-5aaf-412c-a004-ceb6df8ba33a,Andrus Roches,United States,Male,103.123.63.183,Fintone
422147d1-f6ab-499c-b1bc-febc09ec8e1f,Floria Picford,Malaysia,Female,185.228.203.117,Overhold
48a0a987-9e42-47ac-a766-c9df9b746ed6,Giffard Oldacres,United Kingdom,Male,152.87.18.179,Rank
eeafdbf9-005c-4c86-8c3c-255ae0ac5bc2,Priscilla Christol,Malaysia,Female,225.44.2.96,Holdlamis
19bdda5c-afc6-444b-b9e8-55b9285b129e,Korey McAllister,Malaysia,Male,222.218.148.218,Cardguard
9f7d6aec-4273-4647-8e51-6850923d879f,Selby Eve,United States,Male,185.104.231.194,Bamity
694d34e7-ef66-4a3a-b930-49d2963df7e7,Jennee McCrystal,United States,Female,236.230.156.219,Hatity
4209f256-a2e1-4c83-98e7-3e43b0813208,Rriocard Netti,United States,Male,240.234.78.55,Y-Solowarm
7bda93d7-b708-4e28-8b2c-575c28615bf5,Blanca Bourley,United States,Female,69.39.127.4,Matsoft
2394fe3c-5297-43b4-bcb9-8755a0f7f003,Karee Bursnell,United States,Female,206.208.75.11,Keylex
fcc6ded7-c495-41a9-87eb-08e025af6a87,Shantee Spratt,Malaysia,Female,69.38.177.182,Biodex
5e4a2052-8312-4e77-97bd-2827b28b9eec,Gusti Dealtry,United States,Female,254.181.84.89,Y-find
3b61b559-8584-473f-9a25-4643faf56970,Nowell Willgress,United States,Male,130.77.16.183,Lotstring
16d60c6c-e66d-4d9d-b868-1d5b673c3e2f,Marian Godthaab,United States,Female,27.228.28.194,Sub-Ex
a5845567-db8e-42b9-9feb-5da1688d9642,Torrey Autie,United States,Male,28.106.106.180,Wrapsafe
e6e15e20-4682-4605-85d8-8dd009f0b04b,Violet Spinelli,United States,Female,26.188.148.154,Temp
3940b01a-47bc-409f-8bc2-ae4fc5f5c42d,Ahmad Buglar,United States,Male,98.226.200.217,Gembucket
ad19f6aa-0800-4e51-9ace-25f8a0961478,Rey Widdowson,United States,Female,48.99.83.146,Sonsing
0adab0bf-1cc8-4eb1-a174-6f753009dd60,Hinze Ilett,United States,Male,64.251.201.180,Bytecard
35364992-c80e-4500-a645-cb5ba8d42ebe,Teresa Cacacie,United States,Female,70.217.63.193,Konklux
ff02681b-fff1-4ce0-9c35-3be62210f4af,Marguerite Curd,United States,Female,188.171.24.238,Treeflex
b4e6bddd-93bc-4faf-aaef-64f10627d3f0,Glen Constance,United States,Female,214.158.172.249,Fix San
52a45f1b-0fc3-45a5-a876-c47da6dfa441,Merill Wooddisse,United States,Male,151.206.183.104,Y-Solowarm
35aa39e5-3243-4ff1-a821-7a4ba85c5e02,Toni Tatersale,United States,Female,128.190.120.170,Toughjoyfax
f5742b31-fccf-42fc-87e8-2fccd070f443,Justus Ingleton,United States,Male,103.131.241.19,Konklab
42fab969-ccc9-4bb8-b2a6-a40a622b5491,Waneta Getcliffe,United States,Female,133.46.236.19,Vagram
dabea64c-dbf1-4ae5-a56a-c7d6f1792499,Hyacinthie Rowler,United States,Female,240.227.12.234,Y-Solowarm
624f2a01-04a9-427c-ae27-0c96d5b8b657,Lorin Toupe,United States,Male,55.144.231.10,Tin
8071cae1-834b-4c33-9e39-5b2dd17fdea6,Deny Davis,United States,Female,154.1.76.47,Ventosanzap
07a3988e-e54f-472e-87be-aec8309da619,Enrichetta Stotherfield,United States,Female,197.141.59.51,Tempsoft
7018596c-5bc4-49df-b148-c9556a34830b,Evanne Spackman,Malaysia,Female,155.50.96.169,Daltfresh
6e78c015-5b55-4e48-b184-095c11fe1366,Nicolas Castanone,United States,Male,202.145.156.253,Stim
566f71b1-68e5-4d74-9894-30e18da91533,Cher Capinetti,United Kingdom,Female,162.76.204.21,Aerified
f8b9cb64-d10a-424c-a1b5-1d7a3f412a25,Josee Braisher,United States,Female,98.240.19.133,Subin
a836d77a-8a34-47e5-a7ad-1da95623f02e,Wolfgang Bosdet,United States,Male,149.136.134.169,Redhold
60a92ba7-4cc9-469f-b20a-b5911eec30f8,Ber Linggard,United States,Male,229.245.166.249,Alphazap
d314b3f3-b6b8-4821-8ea7-816556cf52d0,Daveta Forsdicke,Malaysia,Female,83.249.50.244,Alphazap
acce83a1-0ed3-4223-b1b8-46aade736b95,Josephine Dupre,United Kingdom,Female,140.221.229.243,Ventosanzap
17ff1332-6c55-459f-b79d-e05ecfe8ed81,Kennie Borthwick,United States,Male,156.254.190.25,Prodder
75003ba4-04b1-45e3-b9be-c41b2f9cfd8d,Antonina Kmicicki,Malaysia,Female,238.220.192.51,Home Ing
9f9e8021-2361-473c-8e8e-c66823d21813,Denise Aguilar,United States,Female,226.50.126.235,Gembucket
4c6b2d1e-8ea3-471a-a902-4b99fa687103,Dorthy De la Zenne,United States,Female,36.109.29.105,Duobam
c3b70c5d-8005-42fa-b930-742b7992a4eb,Angel Montier,United States,Male,165.12.192.215,Zontrax
39929228-ba0d-4ad1-a77c-82c6d943d1f4,Cly Cheeke,United States,Male,161.139.228.179,Zoolab
cde5e473-6b1c-44b0-928a-414cbf1bf527,Harcourt Rogier,United States,Male,195.154.196.217,Treeflex
9a3ff52a-71c0-4d64-b99c-4daf66981de6,Mikey Vasilyonok,United States,Male,60.63.240.43,Lotlux
ff75cec1-4d97-46b5-93f5-aa7e454fd9e2,Jackelyn Siene,United States,Female,153.159.154.214,Treeflex
82d67e78-3f55-4509-afae-e39731123185,Liza Gianettini,United States,Female,205.237.32.20,Asoka
5706e577-a053-4db4-9273-9bc58ab646e0,Guenevere Orford,United States,Female,0.130.153.184,Pannier
dccd9223-81b3-4d20-9926-62b8e526041b,Amalita Dunmuir,United States,Female,17.108.23.54,Temp
033329ec-e133-4975-9329-898716c40362,Jennee Grishanin,United States,Female,196.143.48.23,Vagram
1db46625-9228-42a8-91e5-1f606e0c71ec,Ora Cantillon,United States,Female,207.48.11.78,Tampflex
3ad87dc3-d014-4c06-916c-2cd839399069,Valentino Idle,Malaysia,Male,67.20.42.3,Biodex
f29f0593-196d-43aa-a513-c6e45eb89890,Burr Krzyzanowski,United Kingdom,Male,239.53.211.187,Stim
ac25eccd-fe4f-4934-9853-b8683105c6d7,Joseph Glendza,United States,Male,87.217.52.175,Toughjoyfax
3331fd8f-5550-4267-8828-5ab96f8863e8,Saunder Hargraves,United States,Male,240.94.127.149,Cardguard
9621c5db-46de-4946-a21b-7ed1deb33b04,Reuven Petris,Malaysia,Male,18.220.68.94,Andalax
6a7e9289-3f26-420b-bbf7-e89ed6dd0f73,Rickard Blose,United States,Male,53.199.148.144,Lotstring
871ab1d6-e98d-4358-ab10-fa170755579a,Diane Mitchelmore,United States,Female,20.108.188.215,Keylex
8fad648a-f2fc-480d-9e3c-e490a4b8bdf8,Bevon Marquiss,United States,Male,69.239.109.91,Zathin
00eb2d6a-bc3e-4e0a-b4f5-e6c34590ba6c,Jess Filinkov,Malaysia,Female,189.188.77.22,Duobam
fe60cee0-e78e-4792-9fec-9cc6921b67b6,Justina Gorcke,United States,Female,61.146.23.155,Otcom
e548907f-dc07-42a0-bcd7-5b321e6b35fe,Ofilia Hamshar,United States,Female,129.96.29.64,Aerified
7fac9a79-71e1-45c6-a0bb-024ea6fc03de,Michal Foran,Malaysia,Female,65.243.195.166,Otcom
04e14456-7d65-4e5d-ad8e-603477b05097,Osbourn Balchin,United States,Male,141.35.255.154,Stringtough
8ad88518-0615-4c60-b383-9b4cc05c636f,Sara-ann Scahill,United States,Female,237.207.148.40,Y-Solowarm